enrollment_id,participant_id,training_id,cohort_start_date,planned_end_date,status,status_changed_at,created_at,modified_at
50001,10001,T02,2025-04-14,2025-11-24,abgeschlossen,2025-11-28T16:00:00,2025-04-05T10:00:00,2025-11-28T16:00:00
50002,10002,T02,2025-08-04,2026-03-16,abgeschlossen,2026-03-18T09:00:00,2025-07-07T10:00:00,2026-03-18T09:00:00
50003,10003,T06,2025-06-23,2025-09-15,pausiert,2025-08-14T10:00:00,2025-06-06T10:00:00,2025-08-27T10:00:00
50004,10004,T05,2024-10-28,2025-03-17,abgeschlossen,2025-03-20T09:00:00,2024-09-30T10:00:00,2025-03-20T09:00:00
50005,10005,T03,2024-11-25,2025-04-14,abgebrochen,2025-03-05T17:00:00,2024-11-14T10:00:00,2025-03-05T17:00:00
50006,10006,T06,2026-05-25,2026-08-17,abgeschlossen,2026-08-15T09:00:00,2026-04-28T10:00:00,2026-09-01T05:00:00
50007,10007,T01,2025-12-22,2026-04-13,abgeschlossen,2026-04-16T10:00:00,2025-12-12T10:00:00,2026-04-16T10:00:00
50008,10008,T07,2025-03-31,2025-05-26,abgeschlossen ,2025-05-29T12:00:00,2025-03-24T10:00:00,2025-07-19T12:00:00
50009,10009,T06,2026-01-19,2026-04-13,abgeschlossen,2026-04-10T16:00:00,2025-12-06T10:00:00,2026-04-10T16:00:00
50010,10010,T01,2026-03-16,2026-07-06,abgeschlossen,2026-07-06T11:00:00,2026-02-21T10:00:00,2026-07-06T11:00:00
50011,10011,T05,2025-05-12,2025-09-29,abgeschlossen,2025-09-28T09:00:00,2025-04-16T10:00:00,2025-09-28T09:00:00
50012,10012,T08,2025-07-07,2025-09-01,abgeschlossen,2025-08-31T11:00:00,2025-05-23T10:00:00,2025-08-31T11:00:00
50013,10013,T08,2024-10-28,2024-12-23,abgeschlossen,2024-12-20T15:00:00,2024-10-09T10:00:00,2026-08-30T23:00:00
50014,10014,T06,2025-01-06,2025-03-31,abgeschlossen,2025-04-04T16:00:00,2024-12-09T10:00:00,2025-04-04T16:00:00
50015,10014,T04,2025-02-17,2025-11-24,abgeschlossen,2025-11-27T14:00:00,2025-01-12T10:00:00,2025-11-27T14:00:00
50016,10015,T07,2026-05-25,2026-07-20,abgeschlossen,2026-07-24T12:00:00,2026-04-27T10:00:00,2026-07-24T12:00:00
50017,10016,T03,2024-09-02,2025-01-20,abgeschlossen,2025-01-18T14:00:00,2024-08-19T10:00:00,2025-01-18T14:00:00
50018,10017,T01,2024-10-28,2025-02-17,abgeschlossen,2025-02-14T12:00:00,2024-10-10T10:00:00,2025-02-14T12:00:00
50019,10018,T05,2025-02-17,2025-07-07,abgebrochen,2025-03-28T12:00:00,2025-01-25T10:00:00,2025-03-28T12:00:00
50020,10019,T05,2026-05-11,2026-09-28,aktiv,2026-05-11T08:00:00,2026-04-21T10:00:00,2026-05-11T08:00:00
50021,10020,T02,2026-10-26,2027-06-07,angemeldet,2026-07-18T10:00:00,2026-07-18T10:00:00,2026-08-27T10:00:00
50022,10021,T01,2025-08-04,2025-11-24,abgebrochen,2025-08-31T15:00:00,2025-07-08T10:00:00,2025-08-31T15:00:00
50023,10022,T05,2024-10-28,2025-03-17,abgebrochen,2025-01-11T17:00:00,2024-10-12T10:00:00,2025-01-11T17:00:00
50024,10023,T05,2026-06-08,2026-10-26,pausiert,2026-08-15T16:00:00,2026-05-27T10:00:00,2026-08-15T16:00:00
50025,10024,T05,2024-09-30,2025-02-17,abgeschlossen,2025-02-19T16:00:00,2024-09-12T10:00:00,2026-08-31T02:00:00
50026,10025,T03,2024-11-25,2025-04-14,abgebrochen,2025-01-29T13:00:00,2024-10-12T10:00:00,2025-01-29T13:00:00
50027,10026,T01,2024-09-30,2025-01-20,abgeschlossen,2025-01-20T15:00:00,2024-08-27T10:00:00,2025-01-20T15:00:00
50028,10027,T08,2024-10-28,2024-12-23,abgeschlossen,2024-12-21T11:00:00,2024-10-03T10:00:00,2024-12-21T11:00:00
50029,10028,T01,2025-04-14,2025-08-04,abgeschlossen,2025-08-06T15:00:00,2025-03-11T10:00:00,2025-08-06T15:00:00
50030,10029,T03,2026-04-13,2026-08-31,abgeschlossen,2026-08-30T16:00:00,2026-04-02T10:00:00,2026-08-30T16:00:00
50031,10030,T02,2026-10-26,2027-06-07,angemeldet,2026-06-06T10:00:00,2026-06-06T10:00:00,2026-06-06T10:00:00
50032,10030,T01,2026-06-08,2026-09-28,aktiv,2026-06-08T12:00:00,2026-05-20T10:00:00,2026-06-08T12:00:00
50033,10031,T02,2025-09-29,2026-05-11,abgeschlossen,2026-05-10T17:00:00,2025-09-03T10:00:00,2026-05-11T17:00:00
50034,10032,T06,2025-05-12,2025-08-04,aktiv,2025-07-30T16:00:00,2025-04-26T10:00:00,2025-07-30T16:00:00
50035,10033,T05,2026-03-16,2026-08-03,abgeschlossen,2026-08-07T16:00:00,2026-03-04T10:00:00,2026-08-07T16:00:00
50036,10034,T03,2026-07-06,2026-11-23,aktiv,2026-07-06T11:00:00,2026-06-06T10:00:00,2026-07-08T11:00:00
50037,10035,T01,2026-03-16,2026-07-06, abgeschlossen,2026-07-08T14:00:00,2026-02-10T10:00:00,2026-07-08T14:00:00
50038,10036,T06,2026-07-06,2026-09-28,aktiv,2026-07-06T08:00:00,2026-06-27T10:00:00,2026-07-06T08:00:00
50039,10037,T08,2024-12-23,2025-02-17,abgeschlossen,2025-02-20T15:00:00,2024-11-21T10:00:00,2025-02-20T15:00:00
50040,10038,T01,2026-08-03,2026-11-23,aktiv,2026-08-03T11:00:00,2026-07-08T10:00:00,2026-08-03T11:00:00
50041,10039,T05,2026-07-06,2026-11-23,aktiv,2026-07-06T12:00:00,2026-06-18T10:00:00,2026-07-06T12:00:00
50042,10040,T08,2025-09-29,2025-11-24,abgeschlossen ,2025-11-25T17:00:00,2025-09-19T10:00:00,2025-11-25T17:00:00
50043,10041,T01,2025-07-07,2025-10-27,abgeschlossen,2025-10-25T11:00:00,2025-05-31T10:00:00,2025-10-25T11:00:00
50044,10042,T08,2025-11-24,2026-01-19,abgeschlossen,2026-01-19T13:00:00,2025-10-18T10:00:00,2026-01-19T13:00:00
50045,10043,T08,2026-06-08,2026-08-03,abgeschlossen,2026-08-07T13:00:00,2026-05-23T10:00:00,2026-08-07T13:00:00
50046,10044,T03,2026-08-31,2027-01-18,aktiv,2026-08-31T12:00:00,2026-07-26T10:00:00,2026-09-01T05:00:00
50047,10045,T01,2026-11-23,2027-03-15,angemeldet,2026-08-13T10:00:00,2026-08-13T10:00:00,2026-08-13T10:00:00
50048,10046,T07,2026-03-02,2026-04-27,abgeschlossen,2026-04-26T10:00:00,2026-02-21T10:00:00,2026-04-26T10:00:00
50049,10047,T01,2026-07-06,2026-10-26,aktiv,2026-07-06T08:00:00,2026-06-16T10:00:00,2026-07-06T08:00:00
50050,10048,T06,2024-09-02,2024-11-25,pausiert,2024-11-16T10:00:00,2024-08-06T10:00:00,2024-11-16T10:00:00
50051,10049,T01,2025-09-29,2026-01-19,abgeschlossen,2026-01-17T16:00:00,2025-08-28T10:00:00,2026-01-17T16:00:00
50052,10050,T01,2025-03-17,2025-07-07,abgebrochen,2025-04-08T16:00:00,2025-03-06T10:00:00,2025-04-08T16:00:00
50053,10051,T01,2025-08-04,2025-11-24,abgeschlossen,2025-11-25T11:00:00,2025-07-27T10:00:00,2025-11-25T11:00:00
50054,10052,T02,2025-08-04,2026-03-16,abgeschlossen,2026-03-13T13:00:00,2025-07-06T10:00:00,2026-03-13T13:00:00
50055,10053,T01,2025-09-01,2025-12-22,abgeschlossen,2025-12-19T17:00:00,2025-08-19T10:00:00,2025-12-19T17:00:00
50056,10054,T03,2025-03-17,2025-08-04,abgeschlossen,2025-08-07T12:00:00,2025-02-23T10:00:00,2025-08-31T12:00:00
50057,10055,T03,2026-08-03,2026-12-21,aktiv,2026-08-03T09:00:00,2026-07-23T10:00:00,2026-08-03T09:00:00
50058,10056,T01,2024-09-30,2025-01-20,abgebrochen,2024-10-14T17:00:00,2024-09-03T10:00:00,2024-10-14T17:00:00
50059,10056,T04,2024-10-28,2025-08-04,abgeschlossen,2025-08-07T15:00:00,2024-10-08T10:00:00,2025-08-07T15:00:00
50060,10057,T01,2025-03-17,2025-07-07,abgeschlossen,2025-07-04T15:00:00,2025-02-24T10:00:00,2025-07-04T15:00:00
50061,10058,T02,2025-02-17,2025-09-29,abgeschlossen,2025-09-29T15:00:00,2025-01-03T10:00:00,2025-09-29T15:00:00
50062,10059,T01,2026-03-16,2026-07-06,abgeschlossen,2026-07-04T14:00:00,2026-02-13T10:00:00,2026-08-18T14:00:00
50063,10059,T08,2026-03-16,2026-05-11,abgeschlossen,2026-05-13T16:00:00,2026-03-08T10:00:00,2026-05-13T16:00:00
50064,10060,T03,2026-02-16,2026-07-06,abgeschlossen,2026-07-03T12:00:00,2026-02-02T10:00:00,2026-07-03T12:00:00
50065,10060,T01,2026-04-13,2026-08-03,abgebrochen,2026-06-15T09:00:00,2026-03-06T10:00:00,2026-06-15T09:00:00
50066,10061,T02,2025-02-17,2025-09-29,abgeschlossen,2025-10-03T14:00:00,2025-01-21T10:00:00,2025-10-03T14:00:00
50067,10062,T01,2025-02-17,2025-06-09,abgeschlossen,2025-06-10T09:00:00,2025-01-20T10:00:00,2025-06-10T09:00:00
50068,10063,T03,2025-11-24,2026-04-13,abgebrochen,2026-02-19T12:00:00,2025-10-24T10:00:00,2026-02-19T12:00:00
50069,10064,T03,2026-08-03,2026-12-21,aktiv,2026-08-03T11:00:00,2026-07-15T10:00:00,2026-08-03T11:00:00
50070,10065,T01,2025-07-07,2025-10-27, abgeschlossen,2025-10-26T17:00:00,2025-06-17T10:00:00,2025-10-26T17:00:00
50071,10066,T03,2025-06-09,2025-10-27,abgeschlossen,2025-10-27T12:00:00,2025-04-25T10:00:00,2025-10-27T12:00:00
50072,10067,T04,2025-09-29,2026-07-06,abgeschlossen,2026-07-10T10:00:00,2025-08-28T10:00:00,2026-08-03T10:00:00
50073,10068,T03,2026-06-08,2026-10-26,aktiv,2026-06-08T11:00:00,2026-05-08T10:00:00,2026-06-08T11:00:00
50074,10069,T06,2025-02-17,2025-05-12,abgeschlossen,2025-05-11T17:00:00,2025-01-25T10:00:00,2025-05-11T17:00:00
50075,10070,T03,2025-03-17,2025-08-04,abgeschlossen,2025-08-08T10:00:00,2025-02-08T10:00:00,2025-08-08T10:00:00
50076,10071,T01,2025-04-14,2025-08-04,abgebrochen,2025-06-25T14:00:00,2025-03-12T10:00:00,2025-06-25T14:00:00
50077,10072,T02,2025-06-09,2026-01-19,abgeschlossen,2026-01-17T15:00:00,2025-05-26T10:00:00,2026-03-17T15:00:00
50078,10072,T08,2025-01-20,2025-03-17,abgeschlossen,2025-03-20T13:00:00,2024-12-22T10:00:00,2025-03-20T13:00:00
50079,10073,T05,2024-12-23,2025-05-12,abgeschlossen,2025-05-15T15:00:00,2024-12-01T10:00:00,2025-05-15T15:00:00
50080,10074,T06,2024-09-02,2024-11-25,abgeschlossen,2024-11-24T13:00:00,2024-08-17T10:00:00,2026-08-28T17:00:00
50081,10075,T04,2026-05-11,2027-02-15,aktiv,2026-05-11T08:00:00,2026-04-10T10:00:00,2026-05-11T08:00:00
50082,10076,T08,2024-09-02,2024-10-28,abgeschlossen,2024-10-28T15:00:00,2024-07-30T10:00:00,2024-10-28T15:00:00
50083,10077,T03,2026-06-08,2026-10-26, aktiv,2026-06-08T11:00:00,2026-05-27T10:00:00,2026-06-08T11:00:00
50084,10078,T06,2026-01-19,2026-04-13,abgebrochen,2026-02-13T12:00:00,2025-12-24T10:00:00,2026-03-11T12:00:00
50085,10079,T06,2025-10-27,2026-01-19,abgeschlossen,2026-01-22T17:00:00,2025-10-02T10:00:00,2026-01-22T17:00:00
50086,10079,T03,2025-11-24,2026-04-13,abgeschlossen,2026-04-12T12:00:00,2025-10-16T10:00:00,2026-04-12T12:00:00
50087,10080,T06,2026-07-06,2026-09-28,aktiv,2026-07-06T09:00:00,2026-06-17T10:00:00,2026-07-06T09:00:00
50088,10081,T07,2026-09-28,2026-11-23,angemeldet,2026-05-05T10:00:00,2026-05-05T10:00:00,2026-05-05T10:00:00
50089,10081,T02,2026-10-26,2027-06-07,angemeldet,2026-04-27T10:00:00,2026-04-27T10:00:00,2026-04-27T10:00:00
50090,10082,T05,2025-07-07,2025-11-24,abgeschlossen,2025-11-25T09:00:00,2025-06-28T10:00:00,2025-11-25T09:00:00
50091,10083,T06,2026-03-02,2026-05-25,abgeschlossen,2026-05-26T16:00:00,2026-02-02T10:00:00,2026-05-26T16:00:00
50092,10084,T02,2025-11-24,2026-07-06,pausiert,2026-06-16T14:00:00,2025-10-24T10:00:00,2026-06-16T14:00:00
50093,10085,T02,2026-03-16,2026-10-26,pausiert,2026-03-19T16:00:00,2026-03-01T10:00:00,2026-04-14T16:00:00
50094,10086,T07,2024-11-25,2025-01-20,aktiv,2024-12-31T14:00:00,2024-10-19T10:00:00,2024-12-31T14:00:00
50095,10087,T01,2024-11-25,2025-03-17,abgeschlossen,2025-03-19T09:00:00,2024-10-29T10:00:00,2025-05-06T09:00:00
50096,10088,T04,2026-10-26,2027-08-02,angemeldet,2026-05-05T10:00:00,2026-05-05T10:00:00,2026-05-05T10:00:00
50097,10089,T07,2026-07-06,2026-08-31,abgeschlossen,2026-08-31T11:00:00,2026-05-24T10:00:00,2026-09-01T05:00:00
50098,10090,T01,2024-11-25,2025-03-17,abgeschlossen,2025-03-21T11:00:00,2024-10-19T10:00:00,2025-03-29T11:00:00
50099,10091,T01,2025-03-17,2025-07-07,abgebrochen,2025-05-22T10:00:00,2025-03-09T10:00:00,2025-05-22T10:00:00
50100,10092,T02,2026-08-31,2027-04-12,aktiv,2026-08-31T09:00:00,2026-07-25T10:00:00,2026-08-31T09:00:00
50101,10092,T01,2026-03-16,2026-07-06,aktiv,2026-05-31T10:00:00,2026-02-16T10:00:00,2026-05-31T10:00:00
50102,10093,T06,2025-08-04,2025-10-27,abgeschlossen,2025-10-30T15:00:00,2025-06-23T10:00:00,2025-10-30T15:00:00
50103,10094,T01,2026-04-13,2026-08-03,abgeschlossen,2026-08-05T12:00:00,2026-03-30T10:00:00,2026-08-05T12:00:00
50104,10095,T07,2026-09-28,2026-11-23,angemeldet,2026-07-28T10:00:00,2026-07-28T10:00:00,2026-07-28T10:00:00
50105,10096,T03,2025-08-04,2025-12-22,abgeschlossen,2025-12-24T11:00:00,2025-06-20T10:00:00,2025-12-24T11:00:00
50106,10097,T03,2025-09-29,2026-02-16,abgeschlossen,2026-02-17T12:00:00,2025-08-24T10:00:00,2026-02-17T12:00:00
50107,10098,T01,2025-04-14,2025-08-04,abgeschlossen,2025-08-05T17:00:00,2025-03-21T10:00:00,2025-08-13T17:00:00
50108,10099,T05,2026-08-31,2027-01-18,aktiv,2026-08-31T11:00:00,2026-08-03T10:00:00,2026-08-31T11:00:00
50109,10100,T01,2026-07-06,2026-10-26,aktiv,2026-07-06T08:00:00,2026-06-18T10:00:00,2026-08-25T08:00:00
50110,10101,T02,2026-03-16,2026-10-26,abgebrochen,2026-08-06T15:00:00,2026-02-07T10:00:00,2026-08-06T15:00:00
50111,10102,T03,2026-05-11,2026-09-28,aktiv,2026-05-11T09:00:00,2026-03-30T10:00:00,2026-05-11T09:00:00
50112,10103,T02,2025-09-29,2026-05-11,abgebrochen,2026-02-17T16:00:00,2025-08-17T10:00:00,2026-02-17T16:00:00
50113,10104,T03,2025-02-17,2025-07-07,abgeschlossen,2025-07-07T09:00:00,2025-01-05T10:00:00,2025-07-07T09:00:00
50114,10105,T08,2025-03-17,2025-05-12,abgeschlossen,2025-05-15T11:00:00,2025-02-16T10:00:00,2025-05-22T11:00:00
50115,10106,T01,2025-07-07,2025-10-27,abgeschlossen,2025-10-26T15:00:00,2025-06-23T10:00:00,2025-10-26T15:00:00
50116,10107,T02,2024-12-23,2025-08-04,abgeschlossen,2025-08-07T10:00:00,2024-11-22T10:00:00,2025-08-07T10:00:00
50117,10108,T03,2025-11-24,2026-04-13,abgeschlossen,2026-04-11T10:00:00,2025-10-16T10:00:00,2026-04-11T10:00:00
50118,10109,T04,2025-08-04,2026-05-11,abgeschlossen,2026-05-09T11:00:00,2025-07-01T10:00:00,2026-05-09T11:00:00
50119,10110,T01,2026-04-13,2026-08-03,abgebrochen,2026-07-05T17:00:00,2026-04-05T10:00:00,2026-07-05T17:00:00
50120,10111,T03,2025-09-01,2026-01-19,abgeschlossen,2026-01-17T12:00:00,2025-08-18T10:00:00,2026-03-16T12:00:00
50121,10112,T05,2026-07-06,2026-11-23,aktiv,2026-07-06T10:00:00,2026-06-21T10:00:00,2026-07-06T10:00:00
50122,10113,T01,2025-08-04,2025-11-24,abgebrochen,2025-08-18T10:00:00,2025-07-05T10:00:00,2025-08-18T10:00:00
50123,10114,T08,2025-08-04,2025-09-29,abgeschlossen,2025-09-26T17:00:00,2025-06-24T10:00:00,2025-10-15T17:00:00
50124,10115,T03,2026-06-08,2026-10-26,aktiv,2026-06-08T10:00:00,2026-04-30T10:00:00,2026-06-08T10:00:00
50125,10116,T05,2025-07-07,2025-11-24,abgeschlossen,2025-11-24T11:00:00,2025-06-17T10:00:00,2025-11-24T11:00:00
50126,10117,T01,2025-09-01,2025-12-22,abgeschlossen,2025-12-25T10:00:00,2025-08-09T10:00:00,2025-12-25T10:00:00
50127,10118,T01,2026-11-23,2027-03-15,angemeldet,2026-08-03T10:00:00,2026-08-03T10:00:00,2026-08-03T10:00:00
50128,10119,T05,2026-08-03,2026-12-21,abgebrochen,2026-08-28T12:00:00,2026-06-21T10:00:00,2026-08-28T12:00:00
50129,10120,T03,2025-10-27,2026-03-16,abgeschlossen,2026-03-15T14:00:00,2025-09-26T10:00:00,2026-04-12T14:00:00
50130,10121,T01,2026-02-16,2026-06-08,abgeschlossen,2026-06-06T17:00:00,2026-01-19T10:00:00,2026-06-06T17:00:00
50131,10122,T06,2024-10-14,2025-01-06,abgebrochen,2024-11-05T09:00:00,2024-09-23T10:00:00,2024-11-05T09:00:00
50132,10122,T08,2024-09-02,2024-10-28,abgeschlossen,2024-10-29T16:00:00,2024-08-04T10:00:00,2024-10-29T16:00:00
50133,10123,T02,2025-11-24,2026-07-06,abgeschlossen,2026-07-03T11:00:00,2025-10-24T10:00:00,2026-07-03T11:00:00
50134,10124,T06,2026-03-02,2026-05-25,abgeschlossen,2026-05-24T13:00:00,2026-01-22T10:00:00,2026-05-24T13:00:00
50135,10125,T01,2026-09-28,2027-01-18,angemeldet,2026-06-19T10:00:00,2026-06-19T10:00:00,2026-06-19T10:00:00
50136,10126,T05,2026-02-16,2026-07-06,abgebrochen,2026-03-21T14:00:00,2026-01-08T10:00:00,2026-03-21T14:00:00
50137,10127,T03,2025-01-20,2025-06-09,abgeschlossen,2025-06-07T13:00:00,2024-12-24T10:00:00,2025-06-07T13:00:00
50138,10128,T01,2025-09-01,2025-12-22,aktiv,2025-12-07T09:00:00,2025-08-07T10:00:00,2025-12-07T09:00:00
50139,10129,T06,2026-01-19,2026-04-13,pausiert,2026-03-12T17:00:00,2025-12-13T10:00:00,2026-03-21T17:00:00
50140,10129,T03,2025-12-22,2026-05-11,abgeschlossen,2026-05-11T09:00:00,2025-11-11T10:00:00,2026-05-11T09:00:00
50141,10130,T08,2025-09-29,2025-11-24,abgeschlossen,2025-11-23T17:00:00,2025-09-18T10:00:00,2025-12-05T17:00:00
50142,10131,T03,2026-04-13,2026-08-31,abgeschlossen,2026-09-01T04:00:00,2026-03-30T10:00:00,2026-09-01T04:00:00
50143,10132,T01,2024-12-23,2025-04-14,abgeschlossen,2025-04-18T13:00:00,2024-12-16T10:00:00,2025-04-18T13:00:00
50144,10132,T05,2025-03-17,2025-08-04,abgeschlossen,2025-08-05T17:00:00,2025-03-08T10:00:00,2025-08-05T17:00:00
50145,10133,T07,2025-01-06,2025-03-03,abgeschlossen,2025-03-07T14:00:00,2024-12-24T10:00:00,2025-03-07T14:00:00
50146,10134,T05,2024-11-25,2025-04-14,abgeschlossen,2025-04-12T15:00:00,2024-11-13T10:00:00,2025-04-12T15:00:00
50147,10135,T01,2026-08-03,2026-11-23,abgebrochen,2026-08-06T11:00:00,2026-07-11T10:00:00,2026-08-06T11:00:00
50148,10136,T02,2025-11-24,2026-07-06,abgeschlossen,2026-07-05T17:00:00,2025-11-11T10:00:00,2026-07-05T17:00:00
50149,10137,T03,2025-06-09,2025-10-27,abgeschlossen,2025-10-30T09:00:00,2025-05-21T10:00:00,2025-10-30T09:00:00
50150,10138,T01,2025-04-14,2025-08-04,abgeschlossen,2025-08-06T09:00:00,2025-03-26T10:00:00,2025-08-06T09:00:00
50151,10139,T08,2026-05-11,2026-07-06,abgeschlossen,2026-07-10T11:00:00,2026-04-09T10:00:00,2026-07-10T11:00:00
50152,10139,T05,2026-08-03,2026-12-21,aktiv,2026-08-03T08:00:00,2026-07-19T10:00:00,2026-08-03T08:00:00
50153,10140,T01,2024-11-25,2025-03-17,abgeschlossen,2025-03-19T15:00:00,2024-11-18T10:00:00,2025-05-06T15:00:00
50154,10141,T02,2025-08-04,2026-03-16,abgebrochen,2025-10-07T11:00:00,2025-07-17T10:00:00,2025-10-07T11:00:00
50155,10142,T01,2025-08-04,2025-11-24,pausiert,2025-11-04T15:00:00,2025-07-22T10:00:00,2025-11-04T15:00:00
50156,10143,T05,2025-06-09,2025-10-27,Pausiert,2025-10-13T12:00:00,2025-05-08T10:00:00,2025-10-13T12:00:00
50157,10144,T01,2026-04-13,2026-08-03,abgeschlossen,2026-08-03T10:00:00,2026-03-11T10:00:00,2026-08-28T10:00:00
50158,10145,T05,2024-09-30,2025-02-17,abgeschlossen,2025-02-20T16:00:00,2024-08-27T10:00:00,2025-02-20T16:00:00
50159,10146,T01,2026-07-06,2026-10-26,aktiv,2026-07-06T10:00:00,2026-06-14T10:00:00,2026-07-06T10:00:00
50160,10147,T01,2026-07-06,2026-10-26,aktiv,2026-07-06T10:00:00,2026-05-30T10:00:00,2026-07-06T10:00:00
50161,10148,T01,2025-04-14,2025-08-04,abgeschlossen,2025-08-08T14:00:00,2025-03-31T10:00:00,2025-08-08T14:00:00
50162,10148,T05,2025-04-14,2025-09-01,abgeschlossen,2025-09-03T17:00:00,2025-03-23T10:00:00,2025-09-03T17:00:00
50163,10149,T04,2025-11-24,2026-08-31,abgebrochen,2026-01-18T10:00:00,2025-11-05T10:00:00,2026-01-18T10:00:00
50164,10150,T08,2025-10-27,2025-12-22,aktiv,2025-11-26T13:00:00,2025-10-08T10:00:00,2025-11-26T13:00:00
50165,10151,T01,2026-08-31,2026-12-21,aktiv,2026-08-31T10:00:00,2026-07-20T10:00:00,2026-09-01T05:00:00
50166,10152,T03,2026-01-19,2026-06-08,aktiv,2026-05-30T16:00:00,2025-12-11T10:00:00,2026-05-30T16:00:00
50167,10153,T02,2025-02-17,2025-09-29,abgeschlossen,2025-09-26T12:00:00,2025-01-16T10:00:00,2025-09-26T12:00:00
50168,10154,T07,2024-11-25,2025-01-20,abgeschlossen,2025-01-23T17:00:00,2024-10-24T10:00:00,2025-01-23T17:00:00
50169,10155,T01,2024-09-30,2025-01-20,abgeschlossen ,2025-01-17T17:00:00,2024-08-21T10:00:00,2025-01-17T17:00:00
50170,10156,T01,2026-10-26,2027-02-15,angemeldet,2026-08-06T10:00:00,2026-08-06T10:00:00,2026-08-31T22:00:00
50171,10157,T05,2026-08-03,2026-12-21,abgebrochen,2026-08-14T09:00:00,2026-07-12T10:00:00,2026-08-14T09:00:00
50172,10158,T01,2026-03-16,2026-07-06,abgeschlossen,2026-07-08T14:00:00,2026-02-02T10:00:00,2026-07-08T14:00:00
50173,10159,T03,2025-06-09,2025-10-27,abgeschlossen,2025-10-24T09:00:00,2025-05-19T10:00:00,2025-10-24T09:00:00
50174,10160,T01,2026-07-06,2026-10-26,aktiv,2026-07-06T12:00:00,2026-06-05T10:00:00,2026-07-06T12:00:00
50175,10161,T04,2024-10-28,2025-08-04,abgebrochen,2025-01-10T13:00:00,2024-09-26T10:00:00,2025-01-10T13:00:00
50176,10162,T05,2026-09-28,2027-02-15,angemeldet,2026-07-06T10:00:00,2026-07-06T10:00:00,2026-07-06T10:00:00
50177,10163,T07,2024-11-25,2025-01-20,abgeschlossen,2025-01-19T13:00:00,2024-11-08T10:00:00,2025-01-19T13:00:00
50178,10164,T05,2026-05-11,2026-09-28,aktiv,2026-05-11T08:00:00,2026-04-05T10:00:00,2026-05-11T08:00:00
50179,10165,T01,2025-09-01,2025-12-22,abgebrochen,2025-11-19T10:00:00,2025-08-24T10:00:00,2025-11-19T10:00:00
50180,10165,T06,2025-08-04,2025-10-27,abgeschlossen,2025-10-25T13:00:00,2025-06-20T10:00:00,2025-10-25T13:00:00
50181,10166,T01,2025-12-22,2026-04-13,abgeschlossen,2026-04-15T10:00:00,2025-11-15T10:00:00,2026-04-15T10:00:00
50182,10167,T06,2026-09-28,2026-12-21,angemeldet,2026-06-08T10:00:00,2026-06-08T10:00:00,2026-06-08T10:00:00
50183,10168,T04,2025-08-04,2026-05-11,abgebrochen,2025-09-22T13:00:00,2025-07-02T10:00:00,2025-09-22T13:00:00
50184,10169,T01,2026-03-16,2026-07-06,abgeschlossen,2026-07-05T14:00:00,2026-02-23T10:00:00,2026-07-05T14:00:00
50185,10170,T07,2025-12-08,2026-02-02,abgeschlossen,2026-01-31T12:00:00,2025-11-13T10:00:00,2026-01-31T12:00:00
50186,10171,T02,2026-07-06,2027-02-15,abgebrochen,2026-07-14T09:00:00,2026-06-18T10:00:00,2026-08-31T21:00:00
50187,10172,T04,2026-10-26,2027-08-02,angemeldet,2026-06-01T10:00:00,2026-06-01T10:00:00,2026-06-01T10:00:00
50188,10173,T02,2025-04-14,2025-11-24,abgeschlossen,2025-11-25T10:00:00,2025-03-29T10:00:00,2025-11-25T10:00:00
50189,10174,T01,2026-04-13,2026-08-03,abgebrochen,2026-06-29T16:00:00,2026-03-30T10:00:00,2026-06-29T16:00:00
50190,10175,T05,2026-07-06,2026-11-23,aktiv,2026-07-06T09:00:00,2026-06-05T10:00:00,2026-07-06T09:00:00
50191,10176,T03,2025-12-22,2026-05-11,abgeschlossen,2026-05-13T11:00:00,2025-11-30T10:00:00,2026-05-13T11:00:00
50192,10177,T03,2026-03-16,2026-08-03,abgeschlossen,2026-03-03T11:00:00,2026-02-11T10:00:00,2026-08-03T15:00:00
50193,10178,T05,2025-07-07,2025-11-24,abgebrochen,2025-08-14T09:00:00,2025-06-29T10:00:00,2025-08-14T09:00:00
50194,10179,T08,2026-02-16,2026-04-13,abgeschlossen,2026-04-15T14:00:00,2026-02-01T10:00:00,2026-04-15T14:00:00
50195,10180,T06,2026-11-09,2027-02-01,angemeldet,2026-08-10T10:00:00,2026-08-10T10:00:00,2026-08-10T10:00:00
50196,10181,T01,2025-12-22,2026-04-13,abgeschlossen,2026-04-10T15:00:00,2025-12-09T10:00:00,2026-04-10T15:00:00
50197,10182,T03,2026-06-08,2026-10-26,aktiv,2026-06-08T10:00:00,2026-05-17T10:00:00,2026-06-08T10:00:00
50198,10183,T06,2026-11-09,2027-02-01,angemeldet,2026-05-28T10:00:00,2026-05-28T10:00:00,2026-05-28T10:00:00
50199,10184,T08,2026-07-06,2026-08-31,abgeschlossen,2026-09-01T04:00:00,2026-06-29T10:00:00,2026-09-01T04:00:00
50200,10185,T01,2026-08-03,2026-11-23,aktiv,2026-08-03T09:00:00,2026-07-27T10:00:00,2026-08-03T09:00:00
50201,10186,T05,2026-01-19,2026-06-08,abgeschlossen,2026-06-09T17:00:00,2025-12-29T10:00:00,2026-06-09T17:00:00
50202,10187,T02,2025-06-09,2026-01-19,abgeschlossen,2026-01-18T12:00:00,2025-05-30T10:00:00,2026-01-18T12:00:00
50203,10187,T03,2025-05-12,2025-09-29,abgebrochen,2025-07-14T14:00:00,2025-04-10T10:00:00,2025-07-14T14:00:00
50204,10188,T06,2026-05-25,2026-08-17,abgeschlossen,2026-08-15T10:00:00,2026-04-10T10:00:00,2026-08-15T10:00:00
50205,10189,T02,2025-08-04,2026-03-16,ABGESCHLOSSEN,2026-03-13T13:00:00,2025-07-16T10:00:00,2026-03-13T13:00:00
50206,10190,T01,2025-06-09,2025-09-29,pausiert,2025-09-22T16:00:00,2025-05-13T10:00:00,2025-09-22T16:00:00
50207,10190,T08,2025-06-09,2025-08-04,pausiert,2025-07-12T15:00:00,2025-05-13T10:00:00,2025-07-12T15:00:00
50208,10191,T08,2024-10-28,2024-12-23,abgeschlossen,2024-12-21T17:00:00,2024-10-12T10:00:00,2024-12-21T17:00:00
50209,10192,T03,2025-12-22,2026-05-11,abgeschlossen,2026-05-10T16:00:00,2025-12-10T10:00:00,2026-05-10T16:00:00
50210,10193,T01,2024-12-23,2025-04-14,abgebrochen,2025-01-16T17:00:00,2024-11-08T10:00:00,2025-01-16T17:00:00
50211,10194,T06,2026-09-28,2026-12-21,angemeldet,2026-05-20T10:00:00,2026-05-20T10:00:00,2026-05-20T10:00:00
50212,10195,T06,2025-01-06,2025-03-31,abgeschlossen,2025-03-29T11:00:00,2024-11-29T10:00:00,2026-08-30T04:00:00
50213,10196,T01,2026-08-03,2026-11-23,aktiv,2026-08-03T08:00:00,2026-06-28T10:00:00,2026-08-03T08:00:00
50214,10197,T02,2026-03-16,2026-10-26, aktiv,2026-03-16T10:00:00,2026-03-05T10:00:00,2026-03-16T10:00:00
50215,10198,T03,2026-08-31,2027-01-18,abgebrochen,2026-09-01T04:00:00,2026-07-24T10:00:00,2026-09-01T05:00:00
50216,10199,T02,2025-09-29,2026-05-11,abgebrochen,2026-03-24T11:00:00,2025-08-21T10:00:00,2026-03-24T11:00:00
50217,10200,T02,2025-02-17,2025-09-29,abgeschlossen,2025-09-30T09:00:00,2025-02-07T10:00:00,2025-09-30T09:00:00
50218,10200,T06,2024-09-02,2024-11-25,ABGESCHLOSSEN,2024-11-23T13:00:00,2024-07-21T10:00:00,2024-11-23T13:00:00
50219,10201,T01,2025-12-22,2026-04-13,abgeschlossen,2026-04-15T16:00:00,2025-11-11T10:00:00,2026-04-15T16:00:00
50220,10202,T01,2026-01-19,2026-05-11,aktiv,2026-04-11T15:00:00,2025-12-22T10:00:00,2026-04-11T15:00:00
50221,10203,T08,2025-09-29,2025-11-24,abgeschlossen,2025-11-28T10:00:00,2025-09-20T10:00:00,2025-11-28T10:00:00
50222,10204,T03,2025-04-14,2025-09-01,abgeschlossen,2025-08-29T15:00:00,2025-03-15T10:00:00,2026-08-28T18:00:00
50223,10205,T01,2025-06-09,2025-09-29,abgebrochen,2025-09-08T15:00:00,2025-05-22T10:00:00,2026-08-29T15:00:00
50224,10206,T01,2025-08-04,2025-11-24,abgebrochen,2025-09-28T13:00:00,2025-07-25T10:00:00,2025-09-28T13:00:00
50225,10207,T03,2026-04-13,2026-08-31,abgeschlossen,2026-09-01T04:00:00,2026-03-03T10:00:00,2026-09-01T04:00:00
50226,10208,T08,2025-07-07,2025-09-01,abgeschlossen,2025-09-04T09:00:00,2025-05-23T10:00:00,2025-09-04T09:00:00
50227,10209,T05,2026-07-06,2026-11-23,aktiv,2026-07-06T10:00:00,2026-05-31T10:00:00,2026-07-06T10:00:00
50228,10210,T02,2026-08-31,2027-04-12,aktiv,2026-08-31T08:00:00,2026-08-16T10:00:00,2026-09-01T05:00:00
50229,10211,T08,2025-11-24,2026-01-19,abgeschlossen,2026-01-19T15:00:00,2025-11-07T10:00:00,2026-01-19T15:00:00
50230,10212,T02,2025-06-09,2026-01-19,pausiert,2026-01-14T14:00:00,2025-06-01T10:00:00,2026-01-14T14:00:00
50231,10213,T03,2025-09-01,2026-01-19,abgeschlossen,2026-01-23T15:00:00,2025-08-03T10:00:00,2026-01-23T15:00:00
50232,10214,T08,2026-03-16,2026-05-11,abgeschlossen,2026-05-10T16:00:00,2026-02-26T10:00:00,2026-05-10T16:00:00
50233,10215,T04,2025-08-04,2026-05-11,abgeschlossen,2026-05-14T13:00:00,2025-07-22T10:00:00,2026-05-14T13:00:00
50234,10216,T01,2025-05-12,2025-09-01,abgeschlossen,2025-09-04T10:00:00,2025-04-01T10:00:00,2025-09-04T10:00:00
50235,10217,T03,2025-09-29,2026-02-16,abgeschlossen,2026-02-19T12:00:00,2025-08-24T10:00:00,2026-02-19T12:00:00
50236,10218,T01,2025-01-20,2025-05-12,AKTIV,2025-04-15T16:00:00,2024-12-19T10:00:00,2026-08-28T04:00:00
50237,10219,T06,2026-08-17,2026-11-09,aktiv,2026-08-17T10:00:00,2026-07-15T10:00:00,2026-08-17T10:00:00
50238,10219,T01,2026-08-31,2026-12-21,aktiv,2026-08-31T08:00:00,2026-08-01T10:00:00,2026-08-31T08:00:00
50239,10220,T04,2025-02-17,2025-11-24,abgeschlossen,2025-11-27T12:00:00,2025-01-16T10:00:00,2025-11-27T12:00:00
50240,10221,T03,2026-01-19,2026-06-08,abgebrochen,2026-04-03T11:00:00,2026-01-01T10:00:00,2026-04-28T11:00:00
50241,10222,T03,2026-04-13,2026-08-31,abgeschlossen,2026-08-30T17:00:00,2026-03-01T10:00:00,2026-08-30T17:00:00
50242,10222,T07,2026-04-13,2026-06-08,abgebrochen,2026-04-25T14:00:00,2026-04-01T10:00:00,2026-04-25T14:00:00
50243,10223,T05,2026-05-11,2026-09-28,aktiv,2026-05-11T12:00:00,2026-03-29T10:00:00,2026-05-17T12:00:00
50244,10224,T05,2026-09-28,2027-02-15,angemeldet,2026-07-01T10:00:00,2026-07-01T10:00:00,2026-07-01T10:00:00
50245,10225,T07,2026-04-13,2026-06-08,abgebrochen,2026-05-16T13:00:00,2026-03-28T10:00:00,2026-05-16T13:00:00
50246,10226,T08,2026-04-13,2026-06-08,abgeschlossen,2026-06-06T10:00:00,2026-03-21T10:00:00,2026-06-06T10:00:00
50247,10227,T03,2025-05-12,2025-09-29,aktiv,2025-09-11T15:00:00,2025-05-04T10:00:00,2025-09-11T15:00:00
50248,10228,T08,2024-09-02,2024-10-28,abgeschlossen,2024-10-31T15:00:00,2024-07-29T10:00:00,2024-12-11T15:00:00
50249,10229,T01,2025-02-17,2025-06-09,abgeschlossen,2025-06-06T10:00:00,2025-01-11T10:00:00,2025-06-29T10:00:00
50250,10230,T01,2025-11-24,2026-03-16,aktiv,2026-02-27T09:00:00,2025-10-15T10:00:00,2026-02-27T09:00:00
50251,10231,T01,2025-05-12,2025-09-01,abgeschlossen,2025-09-01T09:00:00,2025-04-21T10:00:00,2025-09-01T09:00:00
50252,10232,T08,2026-08-03,2026-09-28,aktiv,2026-08-03T09:00:00,2026-06-22T10:00:00,2026-08-26T09:00:00
50253,10233,T06,2026-01-19,2026-04-13,abgeschlossen,2026-04-16T12:00:00,2025-12-31T10:00:00,2026-04-16T12:00:00
50254,10234,T05,2026-11-23,2027-04-12,angemeldet,2026-08-11T10:00:00,2026-08-11T10:00:00,2026-08-11T10:00:00
50255,10235,T07,2025-06-23,2025-08-18,abgeschlossen,2025-08-19T14:00:00,2025-05-09T10:00:00,2026-08-31T03:00:00
50256,10236,T04,2025-11-24,2026-08-31,abgebrochen,2026-06-12T16:00:00,2025-11-15T10:00:00,2026-06-12T16:00:00
50257,10237,T03,2026-05-11,2026-09-28,aktiv,2026-05-11T08:00:00,2026-04-14T10:00:00,2026-05-11T08:00:00
50258,10238,T02,2025-08-04,2026-03-16,abgeschlossen,2026-03-18T14:00:00,2025-07-08T10:00:00,2026-03-18T14:00:00
50259,10239,T05,2024-10-28,2025-03-17,abgeschlossen,2025-03-19T12:00:00,2024-09-27T10:00:00,2026-08-30T05:00:00
50260,10240,T03,2025-12-22,2026-05-11,abgeschlossen,2026-05-09T15:00:00,2025-11-18T10:00:00,2026-05-09T15:00:00
50261,10241,T01,2025-09-01,2025-12-22,abgebrochen,2025-10-24T13:00:00,2025-08-18T10:00:00,2025-10-24T13:00:00
50262,10242,T02,2026-08-31,2027-04-12,aktiv,2026-08-31T08:00:00,2026-07-19T10:00:00,2026-08-31T08:00:00
50263,10243,T02,2026-10-26,2027-06-07,storniert,2026-09-01T04:00:00,2026-09-01T04:00:00,2026-09-01T04:00:00
50264,10243,T03,2026-11-23,2027-04-12,angemeldet,2026-08-13T10:00:00,2026-08-13T10:00:00,2026-08-13T10:00:00
50265,10244,T06,2026-04-13,2026-07-06,abgeschlossen,2026-07-09T13:00:00,2026-03-08T10:00:00,2026-07-09T13:00:00
50266,10245,T08,2024-09-02,2024-10-28,abgebrochen,2024-10-16T10:00:00,2024-08-23T10:00:00,2024-10-16T10:00:00
50267,10246,T08,2026-09-28,2026-11-23,angemeldet,2026-06-09T10:00:00,2026-06-09T10:00:00,2026-06-09T10:00:00
50268,10247,T08,2024-09-02,2024-10-28,abgeschlossen,2024-10-25T10:00:00,2024-08-07T10:00:00,2024-10-25T10:00:00
50269,10247,T02,2025-02-17,2025-09-29,abgeschlossen,2025-09-28T11:00:00,2025-02-03T10:00:00,2025-09-28T11:00:00
50270,10248,T01,2025-08-04,2025-11-24,abgeschlossen,2025-11-22T17:00:00,2025-06-22T10:00:00,2025-11-22T17:00:00
50271,10249,T08,2025-04-14,2025-06-09,abgebrochen,2025-05-09T10:00:00,2025-03-20T10:00:00,2025-05-09T10:00:00
50272,10250,T04,2025-04-14,2026-01-19,abgeschlossen,2026-01-19T10:00:00,2025-03-07T10:00:00,2026-01-19T10:00:00
50273,10251,T05,2024-11-25,2025-04-14,ABGEBROCHEN,2024-12-28T10:00:00,2024-10-12T10:00:00,2024-12-28T10:00:00
50274,10252,T02,2025-09-29,2026-05-11,abgebrochen,2026-02-08T17:00:00,2025-09-14T10:00:00,2026-02-08T17:00:00
50275,10253,T03,2025-02-17,2025-07-07,abgebrochen,2025-04-25T15:00:00,2025-01-24T10:00:00,2025-04-25T15:00:00
50276,10253,T01,2025-01-20,2025-05-12,aktiv,2025-05-01T11:00:00,2025-01-07T10:00:00,2025-05-01T11:00:00
50277,10254,T01,2026-08-03,2026-11-23,aktiv,2026-08-03T08:00:00,2026-06-24T10:00:00,2026-08-03T08:00:00
50278,10255,T01,2026-05-11,2026-08-31,abgeschlossen,2026-08-31T11:00:00,2026-04-07T10:00:00,2026-08-31T11:00:00
50279,10256,T03,2025-01-20,2025-06-09,abgeschlossen,2025-06-12T15:00:00,2025-01-01T10:00:00,2025-06-12T15:00:00
50280,10257,T02,2025-02-17,2025-09-29,abgeschlossen,2025-09-27T09:00:00,2025-02-03T10:00:00,2025-09-27T09:00:00
50281,10258,T07,2026-03-02,2026-04-27,abgeschlossen,2026-02-01T11:00:00,2026-01-29T10:00:00,2026-04-25T13:00:00
50282,10259,T01,2026-01-19,2026-05-11,abgeschlossen,2026-05-10T12:00:00,2025-12-25T10:00:00,2026-05-10T12:00:00
50283,10260,T05,2025-10-27,2026-03-16,abgeschlossen,2026-03-20T13:00:00,2025-10-05T10:00:00,2026-05-04T13:00:00
50284,10261,T01,2026-09-28,2027-01-18,angemeldet,2026-08-14T10:00:00,2026-08-14T10:00:00,2026-08-14T10:00:00
50285,10262,T02,2025-06-09,2026-01-19,pausiert,2026-01-10T11:00:00,2025-06-02T10:00:00,2026-01-10T11:00:00
50286,10263,T03,2025-05-12,2025-09-29,abgeschlossen,2025-09-29T16:00:00,2025-05-04T10:00:00,2025-09-29T16:00:00
50287,10264,T02,2025-02-17,2025-09-29,abgeschlossen,2025-09-28T11:00:00,2025-02-04T10:00:00,2025-09-28T11:00:00
50288,10265,T02,2025-06-09,2026-01-19,abgebrochen,2025-12-14T13:00:00,2025-05-17T10:00:00,2025-12-14T13:00:00
50289,10266,T06,2026-08-17,2026-11-09,AKTIV,2026-08-17T12:00:00,2026-07-03T10:00:00,2026-08-17T12:00:00
50290,10267,T05,2026-06-08,2026-10-26,aktiv,2026-06-08T11:00:00,2026-05-23T10:00:00,2026-07-21T11:00:00
50291,10268,T01,2026-08-31,2026-12-21,aktiv,2026-08-31T08:00:00,2026-07-31T10:00:00,2026-08-31T08:00:00
50292,10269,T02,2026-10-26,2027-06-07,angemeldet,2026-07-12T10:00:00,2026-07-12T10:00:00,2026-07-12T10:00:00
50293,10270,T03,2025-05-12,2025-09-29,abgeschlossen,2025-09-26T17:00:00,2025-04-28T10:00:00,2026-08-29T03:00:00
50294,10271,T04,2025-09-29,2026-07-06,abgeschlossen,2026-07-03T16:00:00,2025-08-24T10:00:00,2026-07-13T16:00:00
50295,10272,T08,2024-09-30,2024-11-25,abgeschlossen,2024-11-26T10:00:00,2024-09-23T10:00:00,2024-11-26T10:00:00
50296,10273,T02,2025-09-29,2026-05-11,abgeschlossen,2026-05-12T09:00:00,2025-09-22T10:00:00,2026-05-12T09:00:00
50297,10274,T02,2025-02-17,2025-09-29,abgebrochen,2025-06-03T17:00:00,2025-02-05T10:00:00,2025-06-03T17:00:00
50298,10275,T08,2024-09-30,2024-11-25,abgeschlossen,2024-11-23T13:00:00,2024-08-24T10:00:00,2024-11-23T13:00:00
50299,10276,T05,2026-03-16,2026-08-03,abgeschlossen,2026-08-01T13:00:00,2026-02-18T10:00:00,2026-09-01T05:00:00
50300,10277,T05,2024-10-28,2025-03-17,abgebrochen,2024-11-25T12:00:00,2024-09-25T10:00:00,2024-11-25T12:00:00
50301,10278,T02,2026-05-11,2026-12-21,aktiv,2026-05-11T11:00:00,2026-04-10T10:00:00,2026-05-11T11:00:00
50302,10279,T03,2025-02-17,2025-07-07,abgeschlossen,2025-07-09T16:00:00,2025-01-12T10:00:00,2025-07-09T16:00:00
50303,10280,T03,2024-09-02,2025-01-20,aktiv,2024-12-20T10:00:00,2024-08-07T10:00:00,2024-12-20T10:00:00
50304,10280,T04,2024-12-23,2025-09-29,abgeschlossen,2025-09-30T09:00:00,2024-11-21T10:00:00,2025-09-30T09:00:00
50305,10281,T01,2026-04-13,2026-08-03,abgebrochen,2026-05-01T13:00:00,2026-03-31T10:00:00,2026-05-01T13:00:00
50306,10282,T06,2026-03-02,2026-05-25,abgeschlossen,2026-05-22T10:00:00,2026-01-22T10:00:00,2026-05-22T10:00:00
50307,10283,T05,2025-03-17,2025-08-04,abgeschlossen,2025-08-08T11:00:00,2025-03-01T10:00:00,2025-08-08T11:00:00
50308,10284,T05,2024-09-30,2025-02-17,abgebrochen,2024-12-18T12:00:00,2024-09-23T10:00:00,2024-12-18T12:00:00
50309,10285,T01,2025-08-04,2025-11-24,abgeschlossen,2025-11-22T16:00:00,2025-06-26T10:00:00,2025-11-22T16:00:00
50310,10286,T08,2024-10-28,2024-12-23,abgeschlossen,2024-12-22T12:00:00,2024-09-17T10:00:00,2024-12-22T12:00:00
50311,10287,T05,2025-09-29,2026-02-16,abgeschlossen,2026-02-13T11:00:00,2025-09-07T10:00:00,2026-02-13T11:00:00
50312,10288,T05,2025-07-07,2025-11-24,abgeschlossen,2025-11-25T13:00:00,2025-05-24T10:00:00,2025-11-25T13:00:00
50313,10289,T02,2025-08-04,2026-03-16,abgeschlossen,2026-03-14T16:00:00,2025-07-01T10:00:00,2026-03-14T16:00:00
50314,10290,T03,2026-06-08,2026-10-26,aktiv,2026-06-08T10:00:00,2026-05-04T10:00:00,2026-06-08T10:00:00
50315,10291,T02,2026-07-06,2027-02-15,aktiv,2026-07-06T11:00:00,2026-06-19T10:00:00,2026-07-06T11:00:00
50316,10291,T03,2026-06-08,2026-10-26,aktiv,2026-06-08T12:00:00,2026-05-28T10:00:00,2026-06-08T12:00:00
50317,10292,T02,2025-09-29,2026-05-11,abgeschlossen,2026-05-10T13:00:00,2025-09-03T10:00:00,2026-05-10T13:00:00
50318,10293,T06,2025-06-23,2025-09-15,abgeschlossen,2025-09-19T11:00:00,2025-05-15T10:00:00,2026-08-31T18:00:00
50319,10294,T01,2025-09-29,2026-01-19,abgeschlossen,2026-01-21T15:00:00,2025-09-21T10:00:00,2026-01-21T15:00:00
50320,10295,T01,2024-12-23,2025-04-14,abgeschlossen,2025-04-18T14:00:00,2024-12-01T10:00:00,2025-04-18T14:00:00
50321,10296,T01,2025-05-12,2025-09-01,abgebrochen,2025-06-27T10:00:00,2025-04-19T10:00:00,2025-06-27T10:00:00
50322,10297,T06,2026-08-17,2026-11-09,aktiv,2026-08-17T12:00:00,2026-08-09T10:00:00,2026-08-17T12:00:00
50323,10298,T05,2025-02-17,2025-07-07,abgeschlossen,2025-07-07T12:00:00,2025-01-13T10:00:00,2025-07-07T12:00:00
50324,10299,T01,2025-01-20,2025-05-12,abgeschlossen,2025-05-12T10:00:00,2025-01-07T10:00:00,2025-05-12T10:00:00
50325,10300,T01,2025-09-01,2025-12-22,abgeschlossen,2025-12-25T17:00:00,2025-08-14T10:00:00,2026-01-16T17:00:00
50326,10301,T07,2025-01-06,2025-03-03,abgeschlossen,2025-03-03T16:00:00,2024-12-08T10:00:00,2025-03-03T16:00:00
50327,10302,T07,2024-09-02,2024-10-28,abgeschlossen,2024-10-31T10:00:00,2024-08-18T10:00:00,2024-10-31T10:00:00
50328,10303,T01,2025-01-20,2025-05-12,abgeschlossen,2025-05-14T09:00:00,2024-12-26T10:00:00,2025-05-14T09:00:00
50329,10304,T02,2025-09-29,2026-05-11,pausiert,2026-05-02T17:00:00,2025-08-20T10:00:00,2026-05-02T17:00:00
50330,10305,T03,2024-09-02,2025-01-20,abgeschlossen,2025-01-18T16:00:00,2024-08-25T10:00:00,2025-02-04T16:00:00
50331,10306,T02,2026-08-31,2027-04-12,pausiert,2026-09-01T04:00:00,2026-08-03T10:00:00,2026-09-01T04:00:00
50332,10307,T01,2025-04-14,2025-08-04,abgeschlossen,2025-08-01T14:00:00,2025-02-28T10:00:00,2025-08-28T14:00:00
50333,10307,T05,2025-01-20,2025-06-09,abgebrochen,2025-03-25T11:00:00,2025-01-11T10:00:00,2025-03-25T11:00:00
50334,10308,T03,2026-08-03,2026-12-21,aktiv,2026-08-03T10:00:00,2026-07-13T10:00:00,2026-08-03T10:00:00
50335,10309,T01,2026-08-03,2026-11-23,aktiv,2026-08-03T11:00:00,2026-07-26T10:00:00,2026-08-03T11:00:00
50336,10309,T03,2026-09-28,2027-02-15,angemeldet,2026-06-13T10:00:00,2026-06-13T10:00:00,2026-08-28T23:00:00
50337,10310,T03,2026-07-06,2026-11-23,aktiv,2026-07-06T10:00:00,2026-06-26T10:00:00,2026-07-06T10:00:00
50338,10311,T04,2025-06-09,2026-03-16,abgeschlossen,2026-03-13T09:00:00,2025-05-30T10:00:00,2026-03-29T09:00:00
50339,10312,T03,2025-01-20,2025-06-09,abgeschlossen,2025-06-11T12:00:00,2024-12-06T10:00:00,2025-06-20T12:00:00
50340,10313,T01,2026-08-31,2026-12-21,aktiv,2026-08-31T12:00:00,2026-08-02T10:00:00,2026-08-31T12:00:00
50341,10314,T02,2026-08-31,2027-04-12,aktiv,2026-08-31T10:00:00,2026-07-22T10:00:00,2026-09-01T05:00:00
50342,10315,T04,2025-02-17,2025-11-24,abgeschlossen,2025-11-27T16:00:00,2025-01-28T10:00:00,2026-08-29T05:00:00
50343,10316,T03,2025-12-22,2026-05-11,abgebrochen,2026-01-27T14:00:00,2025-12-06T10:00:00,2026-01-27T14:00:00
50344,10317,T05,2025-10-27,2026-03-16,aktiv,2026-03-10T16:00:00,2025-10-03T10:00:00,2026-03-10T16:00:00
50345,10317,T04,2025-11-24,2026-08-31,abgebrochen,2026-01-08T13:00:00,2025-10-17T10:00:00,2026-02-02T13:00:00
50346,10318,T03,2026-04-13,2026-08-31,abgeschlossen,2026-09-01T04:00:00,2026-03-03T10:00:00,2026-09-01T04:00:00
50347,10319,T01,2024-10-28,2025-02-17,aktiv,2025-01-22T13:00:00,2024-09-14T10:00:00,2025-01-22T13:00:00
50348,10320,T02,2026-10-26,2027-06-07,angemeldet,2026-04-06T10:00:00,2026-04-06T10:00:00,2026-04-06T10:00:00
50349,10321,T08,2026-08-31,2026-10-26,pausiert,2026-09-01T04:00:00,2026-07-19T10:00:00,2026-09-01T04:00:00
50350,10321,T02,2026-08-31,2027-04-12,aktiv,2026-08-31T09:00:00,2026-08-24T10:00:00,2026-08-31T09:00:00
50351,10322,T08,2024-09-30,2024-11-25,pausiert,2024-10-17T13:00:00,2024-08-29T10:00:00,2024-10-17T13:00:00
50352,10323,T02,2026-10-26,2027-06-07,angemeldet,2026-07-04T10:00:00,2026-07-04T10:00:00,2026-07-04T10:00:00
50353,10324,T04,2026-07-06,2027-04-12,pausiert,2026-07-20T16:00:00,2026-06-01T10:00:00,2026-07-20T16:00:00
50354,10325,T08,2025-12-22,2026-02-16,abgeschlossen,2026-02-16T15:00:00,2025-12-10T10:00:00,2026-02-16T15:00:00
50355,10326,T04,2026-07-06,2027-04-12,aktiv,2026-07-06T10:00:00,2026-06-12T10:00:00,2026-07-06T10:00:00
50356,10327,T01,2026-03-16,2026-07-06,abgeschlossen,2026-07-03T12:00:00,2026-03-07T10:00:00,2026-07-03T12:00:00
50357,10328,T07,2024-11-25,2025-01-20,abgeschlossen,2025-01-20T09:00:00,2024-11-02T10:00:00,2025-02-06T09:00:00
50358,10329,T07,2025-09-15,2025-11-10,Abgeschlossen,2025-11-07T12:00:00,2025-09-04T10:00:00,2025-11-07T12:00:00
50359,10330,T03,2026-07-06,2026-11-23,aktiv,2026-07-06T12:00:00,2026-06-03T10:00:00,2026-07-06T12:00:00
50360,10331,T07,2026-08-17,2026-10-12,aktiv,2026-08-17T12:00:00,2026-07-20T10:00:00,2026-08-17T12:00:00
50361,10332,T02,2026-08-31,2027-04-12,aktiv,2026-08-31T09:00:00,2026-08-06T10:00:00,2026-08-31T09:00:00
50362,10333,T01,2025-04-14,2025-08-04,abgebrochen,2025-06-07T17:00:00,2025-03-16T10:00:00,2025-06-07T17:00:00
50363,10333,T02,2025-04-14,2025-11-24,abgeschlossen,2025-11-23T15:00:00,2025-04-02T10:00:00,2025-11-23T15:00:00
50364,10334,T08,2025-09-01,2025-10-27,abgeschlossen,2025-10-25T17:00:00,2025-07-18T10:00:00,2025-10-25T17:00:00
50365,10334,T05,2025-09-01,2026-01-19,abgeschlossen,2026-01-19T13:00:00,2025-08-10T10:00:00,2026-02-10T13:00:00
50366,10335,T02,2024-10-28,2025-06-09,abgeschlossen,2025-06-13T15:00:00,2024-09-29T10:00:00,2025-06-13T15:00:00
50367,10336,T07,2026-01-19,2026-03-16,abgeschlossen,2026-03-20T15:00:00,2026-01-04T10:00:00,2026-03-20T15:00:00
50368,10337,T07,2026-08-17,2026-10-12,aktiv,2026-08-17T10:00:00,2026-08-03T10:00:00,2026-08-17T10:00:00
50369,10338,T03,2025-06-09,2025-10-27,abgeschlossen,2025-10-27T11:00:00,2025-05-23T10:00:00,2025-10-28T11:00:00
50370,10339,T06,2026-05-25,2026-08-17,abgebrochen,2026-06-10T09:00:00,2026-05-17T10:00:00,2026-06-10T09:00:00
50371,10340,T01,2024-11-25,2025-03-17,aktiv,2025-02-18T11:00:00,2024-10-14T10:00:00,2025-02-18T11:00:00
50372,10341,T01,2025-09-29,2026-01-19,abgeschlossen,2026-01-17T09:00:00,2025-08-31T10:00:00,2026-01-17T09:00:00
50373,10342,T05,2024-12-23,2025-05-12,abgeschlossen,2025-05-16T11:00:00,2024-11-09T10:00:00,2025-05-16T11:00:00
50374,10342,T01,2024-09-30,2025-01-20,abgeschlossen,2025-01-22T16:00:00,2024-08-26T10:00:00,2025-01-22T16:00:00
50375,10343,T04,2025-02-17,2025-11-24,abgeschlossen,2025-11-28T14:00:00,2025-01-08T10:00:00,2025-11-28T14:00:00
50376,10344,T07,2026-05-25,2026-07-20,abgeschlossen,2026-07-23T14:00:00,2026-05-09T10:00:00,2026-07-23T14:00:00
50377,10345,T05,2026-05-11,2026-09-28,Aktiv,2026-05-11T10:00:00,2026-04-14T10:00:00,2026-05-11T10:00:00
50378,10346,T01,2026-07-06,2026-10-26,aktiv,2026-07-06T11:00:00,2026-06-19T10:00:00,2026-07-06T11:00:00
50379,10347,T01,2024-12-23,2025-04-14,aktiv,2025-03-23T11:00:00,2024-11-11T10:00:00,2025-03-23T11:00:00
50380,10347,T06,2025-01-06,2025-03-31,abgeschlossen,2025-03-28T17:00:00,2024-12-18T10:00:00,2025-03-28T17:00:00
50381,10348,T06,2025-08-04,2025-10-27,abgeschlossen,2025-10-30T16:00:00,2025-06-29T10:00:00,2025-10-30T16:00:00
50382,10349,T05,2026-08-31,2027-01-18,aktiv,2026-08-31T11:00:00,2026-08-19T10:00:00,2026-08-31T11:00:00
50383,10349,T08,2026-08-31,2026-10-26,abgebrochen,2026-09-01T04:00:00,2026-08-04T10:00:00,2026-09-01T04:00:00
50384,10350,T02,2024-09-02,2025-04-14,abgebrochen,2024-11-16T09:00:00,2024-07-24T10:00:00,2024-11-16T09:00:00
50385,10351,T04,2026-05-11,2027-02-15,abgebrochen,2026-08-02T09:00:00,2026-03-28T10:00:00,2026-08-02T09:00:00
50386,10352,T01,2024-09-30,2025-01-20,abgeschlossen,2025-01-19T16:00:00,2024-08-23T10:00:00,2025-01-19T16:00:00
50387,10353,T05,2026-01-19,2026-06-08,aktiv,2026-05-21T09:00:00,2025-12-12T10:00:00,2026-05-21T09:00:00
50388,10354,T05,2025-02-17,2025-07-07,abgeschlossen,2025-07-08T15:00:00,2025-01-26T10:00:00,2025-07-08T15:00:00
50389,10355,T03,2025-12-22,2026-05-11,abgebrochen,2026-04-03T13:00:00,2025-11-14T10:00:00,2026-04-03T13:00:00
50390,10356,T02,2026-01-19,2026-08-31,abgeschlossen,2026-08-31T10:00:00,2025-12-25T10:00:00,2026-09-01T05:00:00
50391,10357,T02,2025-02-17,2025-09-29,abgeschlossen,2025-10-03T14:00:00,2025-01-19T10:00:00,2025-10-03T14:00:00
50392,10357,T03,2024-09-30,2025-02-17,abgebrochen,2024-12-03T16:00:00,2024-09-08T10:00:00,2024-12-03T16:00:00
50393,10358,T03,2026-01-19,2026-06-08,abgeschlossen,2026-06-10T13:00:00,2025-12-17T10:00:00,2026-06-10T13:00:00
50394,10359,T03,2024-10-28,2025-03-17,aktiv,2025-02-23T16:00:00,2024-09-30T10:00:00,2025-02-23T16:00:00
50395,10360,T02,2026-08-31,2027-04-12,aktiv,2026-08-31T09:00:00,2026-08-17T10:00:00,2026-08-31T09:00:00
50396,10361,T01,2025-06-09,2025-09-29,aktiv,2025-09-23T15:00:00,2025-05-12T10:00:00,2025-09-23T15:00:00
50397,10362,T04,2026-03-16,2026-12-21,aktiv,2026-03-16T10:00:00,2026-02-27T10:00:00,2026-03-16T10:00:00
50398,10363,T05,2024-10-28,2025-03-17,abgebrochen,2025-02-14T14:00:00,2024-09-16T10:00:00,2026-08-30T21:00:00
50399,10364,T01,2026-08-03,2026-11-23,aktiv,2026-08-03T12:00:00,2026-07-02T10:00:00,2026-08-03T12:00:00
50400,10365,T02,2026-05-11,2026-12-21,aktiv,2026-05-11T09:00:00,2026-04-27T10:00:00,2026-05-11T09:00:00
50401,10366,T01,2025-09-01,2025-12-22,abgebrochen,2025-09-18T17:00:00,2025-07-30T10:00:00,2026-08-29T00:00:00
50402,10367,T06,2025-12-08,2026-03-02,abgeschlossen,2026-03-05T12:00:00,2025-11-12T10:00:00,2026-03-05T12:00:00
50403,10368,T06,2025-01-06,2025-03-31,abgeschlossen,2025-03-31T10:00:00,2024-11-24T10:00:00,2025-03-31T10:00:00
50404,10369,T03,2024-10-28,2025-03-17,pausiert,2025-02-05T13:00:00,2024-09-17T10:00:00,2025-02-05T13:00:00
50405,10370,T01,2026-07-06,2026-10-26,aktiv,2026-07-06T10:00:00,2026-06-23T10:00:00,2026-07-06T10:00:00
50406,10371,T08,2026-05-11,2026-07-06,abgebrochen,2026-06-04T16:00:00,2026-04-15T10:00:00,2026-06-04T16:00:00
50407,10372,T05,2025-08-04,2025-12-22,ABGESCHLOSSEN,2025-12-21T12:00:00,2025-06-21T10:00:00,2026-01-22T12:00:00
50408,10373,T03,2025-09-01,2026-01-19,abgeschlossen,2026-01-19T09:00:00,2025-08-09T10:00:00,2026-01-19T09:00:00
50409,10374,T02,2024-10-28,2025-06-09,abgeschlossen,2025-06-12T09:00:00,2024-10-08T10:00:00,2025-06-12T09:00:00
50410,10375,T04,2026-10-26,2027-08-02,angemeldet,2026-08-01T10:00:00,2026-08-01T10:00:00,2026-08-01T10:00:00
50411,10376,T05,2026-04-13,2026-08-31,aktiv,2026-07-30T10:00:00,2026-04-06T10:00:00,2026-07-30T10:00:00
50412,10377,T01,2025-09-01,2025-12-22,abgeschlossen,2025-12-20T09:00:00,2025-08-15T10:00:00,2026-01-21T09:00:00
50413,10378,T03,2025-05-12,2025-09-29,abgeschlossen,2025-09-30T10:00:00,2025-04-17T10:00:00,2025-09-30T10:00:00
50414,10379,T05,2026-09-28,2027-02-15,angemeldet,2026-07-28T10:00:00,2026-07-28T10:00:00,2026-07-28T10:00:00
50415,10379,T02,2026-08-31,2027-04-12,pausiert,2026-09-01T04:00:00,2026-07-25T10:00:00,2026-09-01T04:00:00
50416,10380,T02,2025-09-29,2026-05-11,abgeschlossen,2026-05-15T09:00:00,2025-09-11T10:00:00,2026-05-15T09:00:00
50417,10381,T08,2026-06-08,2026-08-03,abgeschlossen,2026-08-03T12:00:00,2026-04-28T10:00:00,2026-08-03T12:00:00
50418,10382,T01,2025-06-09,2025-09-29,abgeschlossen,2025-09-27T14:00:00,2025-05-19T10:00:00,2025-09-27T14:00:00
50419,10383,T08,2025-11-24,2026-01-19,abgeschlossen,2026-01-22T13:00:00,2025-10-23T10:00:00,2026-01-22T13:00:00
50420,10384,T05,2026-08-03,2026-12-21,aktiv,2026-08-03T09:00:00,2026-07-14T10:00:00,2026-08-03T09:00:00
50421,10385,T04,2026-03-16,2026-12-21,aktiv,2026-03-16T12:00:00,2026-02-13T10:00:00,2026-03-16T12:00:00
50422,10386,T07,2025-09-15,2025-11-10,pausiert,2025-10-06T12:00:00,2025-08-25T10:00:00,2025-10-06T12:00:00
50423,10387,T06,2026-07-06,2026-09-28,aktiv,2026-07-06T11:00:00,2026-06-25T10:00:00,2026-07-27T11:00:00
50424,10388,T06,2026-07-06,2026-09-28,aktiv,2026-07-06T10:00:00,2026-06-22T10:00:00,2026-07-06T10:00:00
50425,10389,T02,2026-10-26,2027-06-07,angemeldet,2026-08-14T10:00:00,2026-08-14T10:00:00,2026-08-14T10:00:00
50426,10390,T07,2026-08-17,2026-10-12,abgebrochen,2026-08-30T13:00:00,2026-07-14T10:00:00,2026-08-30T13:00:00
50427,10391,T05,2025-01-20,2025-06-09,abgeschlossen,2025-06-12T14:00:00,2024-12-21T10:00:00,2025-06-12T14:00:00
50428,10392,T02,2025-02-17,2025-09-29,abgeschlossen,2025-09-29T15:00:00,2025-02-10T10:00:00,2025-09-29T15:00:00
50429,10393,T03,2024-12-23,2025-05-12,abgeschlossen,2025-05-14T10:00:00,2024-11-30T10:00:00,2025-07-12T10:00:00
50430,10394,T04,2024-10-28,2025-08-04,abgeschlossen,2025-08-08T15:00:00,2024-10-05T10:00:00,2025-08-08T15:00:00
50431,10394,T05,2024-09-30,2025-02-17,abgebrochen,2025-01-19T16:00:00,2024-08-24T10:00:00,2025-01-19T16:00:00
50432,10395,T06,2024-09-02,2024-11-25,abgeschlossen,2024-11-22T11:00:00,2024-08-15T10:00:00,2024-11-22T11:00:00
50433,10396,T06,2025-08-04,2025-10-27,abgeschlossen,2025-10-24T14:00:00,2025-06-24T10:00:00,2025-10-24T14:00:00
50434,10397,T01,2025-11-24,2026-03-16,abgeschlossen,2026-03-18T11:00:00,2025-10-25T10:00:00,2026-04-25T11:00:00
50435,10398,T03,2024-10-28,2025-03-17,abgeschlossen,2025-03-16T13:00:00,2024-09-23T10:00:00,2025-03-16T13:00:00
50436,10399,T01,2024-11-25,2025-03-17,abgeschlossen,2025-03-14T13:00:00,2024-10-27T10:00:00,2025-03-14T13:00:00
50437,10400,T04,2025-09-29,2026-07-06,abgeschlossen,2026-07-10T10:00:00,2025-09-17T10:00:00,2026-07-10T10:00:00
50438,10401,T01,2025-08-04,2025-11-24,abgebrochen,2025-10-20T12:00:00,2025-06-29T10:00:00,2025-10-20T12:00:00
50439,10402,T08,2024-10-28,2024-12-23,abgebrochen,2024-11-29T12:00:00,2024-10-13T10:00:00,2024-11-29T12:00:00
50440,10403,T05,2024-09-30,2025-02-17,abgeschlossen,2025-02-19T15:00:00,2024-09-11T10:00:00,2025-02-19T15:00:00
50441,10404,T01,2025-10-27,2026-02-16,abgeschlossen,2026-02-20T13:00:00,2025-09-28T10:00:00,2026-02-20T13:00:00
50442,10405,T06,2025-02-17,2025-05-12,abgebrochen,2025-04-09T11:00:00,2025-01-04T10:00:00,2025-04-09T11:00:00
50443,10406,T04,2026-05-11,2027-02-15,aktiv,2026-05-11T10:00:00,2026-04-02T10:00:00,2026-05-11T10:00:00
50444,10407,T06,2025-10-27,2026-01-19,abgeschlossen,2026-01-19T13:00:00,2025-10-04T10:00:00,2026-01-19T13:00:00
50445,10408,T03,2026-03-16,2026-08-03,abgeschlossen,2026-08-07T14:00:00,2026-02-13T10:00:00,2026-08-07T14:00:00
50446,10408,T04,2026-03-16,2026-12-21,aktiv,2026-03-16T08:00:00,2026-03-09T10:00:00,2026-03-16T08:00:00
50447,10409,T02,2025-08-04,2026-03-16,abgeschlossen,2026-03-18T13:00:00,2025-06-24T10:00:00,2026-03-18T13:00:00
50448,10410,T03,2026-02-16,2026-07-06,abgeschlossen,2026-07-09T15:00:00,2026-01-25T10:00:00,2026-07-09T15:00:00
50449,10411,T04,2025-02-17,2025-11-24,abgeschlossen,2025-11-25T09:00:00,2025-01-27T10:00:00,2026-01-21T09:00:00
50450,10412,T03,2026-05-11,2026-09-28,abgebrochen,2026-07-04T09:00:00,2026-04-24T10:00:00,2026-07-04T09:00:00
50451,10413,T08,2025-09-29,2025-11-24,aktiv,2025-11-11T11:00:00,2025-09-19T10:00:00,2025-11-11T11:00:00
50452,10414,T06,2025-01-06,2025-03-31,abgeschlossen,2025-03-30T16:00:00,2024-12-21T10:00:00,2025-03-30T16:00:00
50453,10415,T02,2025-06-09,2026-01-19,abgeschlossen,2026-01-19T15:00:00,2025-05-18T10:00:00,2026-01-19T15:00:00
50454,10416,T07,2025-12-08,2026-02-02,abgeschlossen,2026-02-01T14:00:00,2025-10-27T10:00:00,2026-02-01T14:00:00
50455,10417,T01,2025-04-14,2025-08-04,abgeschlossen,2025-08-08T12:00:00,2025-04-01T10:00:00,2025-08-08T12:00:00
50456,10418,T06,2026-01-19,2026-04-13,abgeschlossen,2026-04-15T13:00:00,2025-12-16T10:00:00,2026-04-15T13:00:00
50457,10419,T01,2025-09-01,2025-12-22,abgeschlossen,2025-12-19T12:00:00,2025-08-10T10:00:00,2025-12-31T12:00:00
50458,10420,T03,2026-07-06,2026-11-23,aktiv,2026-07-06T11:00:00,2026-06-15T10:00:00,2026-08-17T11:00:00
50459,10421,T01,2024-10-28,2025-02-17,abgeschlossen,2025-02-19T15:00:00,2024-09-24T10:00:00,2025-02-19T15:00:00
50460,10422,T03,2024-11-25,2025-04-14,abgeschlossen,2025-04-17T11:00:00,2024-10-16T10:00:00,2025-04-17T11:00:00
50461,10423,T01,2025-09-01,2025-12-22,abgeschlossen,2025-12-25T09:00:00,2025-08-17T10:00:00,2025-12-25T09:00:00
50462,10424,T05,2025-09-01,2026-01-19,abgeschlossen,2026-01-22T15:00:00,2025-08-06T10:00:00,2026-01-22T15:00:00
50463,10425,T05,2026-11-23,2027-04-12,angemeldet,2026-08-12T10:00:00,2026-08-12T10:00:00,2026-08-12T10:00:00
50464,10426,T01,2026-07-06,2026-10-26,aktiv,2026-07-06T11:00:00,2026-06-20T10:00:00,2026-07-12T11:00:00
50465,10427,T08,2025-01-20,2025-03-17,abgeschlossen,2025-03-21T15:00:00,2024-12-26T10:00:00,2025-03-21T15:00:00
50466,10428,T03,2024-11-25,2025-04-14,abgeschlossen,2025-04-16T13:00:00,2024-10-31T10:00:00,2025-04-16T13:00:00
50467,10429,T01,2026-07-06,2026-10-26,aktiv,2026-07-06T11:00:00,2026-06-27T10:00:00,2026-07-06T11:00:00
50468,10430,T05,2024-11-25,2025-04-14,abgeschlossen,2025-04-12T17:00:00,2024-11-09T10:00:00,2025-04-12T17:00:00
50469,10431,T07,2026-09-28,2026-11-23,angemeldet,2026-06-06T10:00:00,2026-06-06T10:00:00,2026-09-01T05:00:00
50470,10432,T01,2025-07-07,2025-10-27,abgeschlossen,2025-10-25T15:00:00,2025-06-25T10:00:00,2025-10-25T15:00:00
50471,10433,T06,2025-01-06,2025-03-31,abgeschlossen,2025-03-30T13:00:00,2024-12-25T10:00:00,2025-03-30T13:00:00
50472,10433,T08,2024-09-30,2024-11-25,abgeschlossen,2024-11-26T17:00:00,2024-09-08T10:00:00,2024-11-26T17:00:00
50473,10434,T02,2025-04-14,2025-11-24,abgeschlossen,2025-11-27T13:00:00,2025-03-27T10:00:00,2025-11-27T13:00:00
50474,10435,T01,2025-12-22,2026-04-13,aktiv,2026-03-21T13:00:00,2025-12-02T10:00:00,2026-03-21T13:00:00
50475,10436,T05,2026-03-16,2026-08-03,abgeschlossen,2026-08-05T10:00:00,2026-03-08T10:00:00,2026-08-05T10:00:00
50476,10437,T01,2025-11-24,2026-03-16,abgebrochen,2026-01-25T16:00:00,2025-10-10T10:00:00,2026-01-25T16:00:00
50477,10438,T03,2025-03-17,2025-08-04,abgeschlossen,2025-08-06T14:00:00,2025-03-01T10:00:00,2025-08-06T14:00:00
50478,10439,T03,2026-07-06,2026-11-23,aktiv,2026-07-06T10:00:00,2026-05-24T10:00:00,2026-07-06T10:00:00
50479,10440,T04,2025-06-09,2026-03-16,abgeschlossen,2026-03-18T13:00:00,2025-05-13T10:00:00,2026-03-18T13:00:00
50480,10441,T01,2025-09-01,2025-12-22,abgeschlossen,2025-12-25T15:00:00,2025-08-07T10:00:00,2025-12-27T15:00:00
50481,10442,T08,2024-11-25,2025-01-20,aktiv,2025-01-07T15:00:00,2024-11-11T10:00:00,2025-01-07T15:00:00
50482,10443,T01,2025-05-12,2025-09-01,abgeschlossen,2025-08-31T11:00:00,2025-04-10T10:00:00,2025-08-31T11:00:00
50483,10444,T06,2026-04-13,2026-07-06,aktiv,2026-06-14T14:00:00,2026-03-31T10:00:00,2026-06-14T14:00:00
50484,10445,T08,2026-04-13,2026-06-08,abgeschlossen,2026-06-11T12:00:00,2026-03-08T10:00:00,2026-07-13T12:00:00
50485,10446,T03,2025-10-27,2026-03-16,abgeschlossen,2026-03-13T17:00:00,2025-09-21T10:00:00,2026-03-13T17:00:00
50486,10447,T07,2026-09-28,2026-11-23,angemeldet,2026-04-13T10:00:00,2026-04-13T10:00:00,2026-05-10T10:00:00
50487,10448,T01,2025-01-20,2025-05-12,abgeschlossen,2025-05-15T09:00:00,2024-12-29T10:00:00,2025-05-15T09:00:00
50488,10449,T03,2025-10-27,2026-03-16,aktiv,2026-03-10T15:00:00,2025-10-08T10:00:00,2026-03-10T15:00:00
50489,10450,T05,2026-05-11,2026-09-28,aktiv,2026-05-11T09:00:00,2026-04-16T10:00:00,2026-05-11T09:00:00
50490,10451,T01,2026-08-03,2026-11-23,aktiv,2026-08-03T12:00:00,2026-07-12T10:00:00,2026-08-03T12:00:00
50491,10452,T03,2025-07-07,2025-11-24,abgebrochen,2025-10-16T11:00:00,2025-06-26T10:00:00,2025-10-16T11:00:00
50492,10452,T06,2025-10-27,2026-01-19,abgebrochen,2026-01-06T15:00:00,2025-09-24T10:00:00,2026-08-26T12:00:00
50493,10453,T03,2025-12-22,2026-05-11,abgeschlossen,2026-05-08T13:00:00,2025-12-13T10:00:00,2026-05-08T13:00:00
50494,10454,T08,2025-08-04,2025-09-29,abgeschlossen,2025-09-27T10:00:00,2025-07-12T10:00:00,2025-09-27T10:00:00
50495,10455,T01,2026-07-06,2026-10-26,aktiv,2026-07-06T10:00:00,2026-06-14T10:00:00,2026-07-06T10:00:00
50496,10456,T01,2026-01-19,2026-05-11,abgeschlossen,2026-05-15T12:00:00,2025-12-22T10:00:00,2026-05-15T12:00:00
50497,10457,T02,2026-10-26,2027-06-07,angemeldet,2026-08-04T10:00:00,2026-08-04T10:00:00,2026-08-04T10:00:00
50498,10458,T02,2026-01-19,2026-08-31,abgebrochen,2026-05-16T13:00:00,2026-01-02T10:00:00,2026-05-16T13:00:00
50499,10459,T03,2026-02-16,2026-07-06,abgeschlossen,2026-07-05T11:00:00,2026-01-22T10:00:00,2026-07-05T11:00:00
50500,10460,T01,2024-09-30,2025-01-20,abgeschlossen,2025-01-19T09:00:00,2024-08-22T10:00:00,2025-01-19T09:00:00
50501,10461,T03,2024-12-23,2025-05-12,abgeschlossen,2025-05-11T14:00:00,2024-11-09T10:00:00,2025-05-11T14:00:00
50502,10462,T02,2026-03-16,2026-10-26,aktiv,2026-03-16T12:00:00,2026-02-07T10:00:00,2026-03-16T12:00:00
50503,10463,T08,2026-01-19,2026-03-16,abgeschlossen,2026-03-16T12:00:00,2025-12-05T10:00:00,2026-03-16T12:00:00
50504,10464,T05,2026-04-13,2026-08-31, abgeschlossen,2026-08-28T17:00:00,2026-03-25T10:00:00,2026-08-28T11:00:00
50505,10465,T03,2025-05-12,2025-09-29,aktiv,2025-08-23T10:00:00,2025-04-01T10:00:00,2025-08-23T10:00:00
50506,10466,T01,2026-01-19,2026-05-11,abgeschlossen,2026-05-11T12:00:00,2026-01-01T10:00:00,2026-05-11T12:00:00
50507,10467,T07,2026-04-13,2026-06-08,abgeschlossen,2026-06-12T11:00:00,2026-02-27T10:00:00,2026-06-12T11:00:00
50508,10467,T04,2026-03-16,2026-12-21,aktiv,2026-03-16T08:00:00,2026-02-04T10:00:00,2026-03-25T08:00:00
50509,10468,T01,2026-08-31,2026-12-21,aktiv,2026-08-31T12:00:00,2026-08-04T10:00:00,2026-09-01T05:00:00
50510,10469,T03,2026-10-26,2027-03-15,angemeldet,2026-07-26T10:00:00,2026-07-26T10:00:00,2026-07-26T10:00:00
50511,10470,T02,2026-03-16,2026-10-26,aktiv,2026-03-16T08:00:00,2026-02-09T10:00:00,2026-03-16T08:00:00
50512,10471,T06,2025-02-17,2025-05-12,pausiert,2025-04-21T15:00:00,2025-01-10T10:00:00,2026-08-31T20:00:00
50513,10472,T03,2026-06-08,2026-10-26,abgebrochen,2026-07-19T13:00:00,2026-05-11T10:00:00,2026-08-04T13:00:00
50514,10473,T03,2025-04-14,2025-09-01,abgeschlossen,2025-08-31T16:00:00,2025-03-06T10:00:00,2025-08-31T16:00:00
50515,10474,T01,2026-04-13,2026-08-03,abgeschlossen,2026-08-01T16:00:00,2026-03-03T10:00:00,2026-08-01T16:00:00
50516,10475,T01,2024-10-28,2025-02-17,abgeschlossen,2025-02-18T14:00:00,2024-09-21T10:00:00,2025-02-18T14:00:00
50517,10476,T08,2026-05-11,2026-07-06,abgeschlossen,2026-07-05T14:00:00,2026-04-09T10:00:00,2026-07-05T14:00:00
50518,10477,T05,2025-05-12,2025-09-29,abgeschlossen,2025-10-03T15:00:00,2025-04-18T10:00:00,2025-10-03T15:00:00
50519,10478,T03,2024-12-23,2025-05-12,abgeschlossen,2025-05-13T14:00:00,2024-11-26T10:00:00,2025-05-13T14:00:00
50520,10478,T02,2025-04-14,2025-11-24,abgebrochen,2025-05-07T15:00:00,2025-03-12T10:00:00,2025-05-07T15:00:00
50521,10479,T01,2026-08-31,2026-12-21,aktiv,2026-08-31T08:00:00,2026-08-12T10:00:00,2026-08-31T08:00:00
50522,10480,T01,2025-09-01,2025-12-22,abgeschlossen ,2025-12-25T15:00:00,2025-07-21T10:00:00,2025-12-25T15:00:00
50523,10481,T01,2026-07-06,2026-10-26,pausiert,2026-07-15T10:00:00,2026-06-09T10:00:00,2026-07-15T10:00:00
50524,10482,T05,2026-04-13,2026-08-31,aktiv,2026-08-24T15:00:00,2026-03-06T10:00:00,2026-08-28T11:00:00
50525,10483,T04,2026-01-19,2026-10-26,aktiv,2026-01-19T08:00:00,2025-12-26T10:00:00,2026-01-19T08:00:00
50526,10484,T08,2025-11-24,2026-01-19,abgeschlossen,2026-01-17T14:00:00,2025-10-22T10:00:00,2026-03-05T14:00:00
50527,10485,T04,2026-08-31,2027-06-07,aktiv,2026-08-31T11:00:00,2026-07-19T10:00:00,2026-08-31T11:00:00
50528,10486,T02,2026-07-06,2027-02-15,aktiv,2026-07-06T09:00:00,2026-06-25T10:00:00,2026-07-06T09:00:00
50529,10487,T02,2024-12-23,2025-08-04,aktiv,2025-07-02T12:00:00,2024-11-17T10:00:00,2025-07-02T12:00:00
50530,10488,T02,2026-07-06,2027-02-15,aktiv,2026-07-06T08:00:00,2026-06-03T10:00:00,2026-07-06T08:00:00
50531,10489,T03,2024-09-02,2025-01-20,abgebrochen,2024-09-22T17:00:00,2024-07-21T10:00:00,2024-09-22T17:00:00
50532,10490,T08,2025-02-17,2025-04-14,abgebrochen,2025-03-15T14:00:00,2025-02-06T10:00:00,2025-03-15T14:00:00
50533,10490,T01,2024-12-23,2025-04-14,abgeschlossen,2025-04-12T16:00:00,2024-12-04T10:00:00,2025-04-12T16:00:00
50534,10491,T03,2025-06-09,2025-10-27,abgeschlossen,2025-10-26T14:00:00,2025-04-27T10:00:00,2025-10-26T14:00:00
50535,10492,T06,2026-01-19,2026-04-13,abgebrochen,2026-02-21T13:00:00,2025-12-19T10:00:00,2026-02-21T13:00:00
50536,10493,T02,2025-11-24,2026-07-06,abgeschlossen,2026-07-06T14:00:00,2025-11-05T10:00:00,2026-07-06T14:00:00
50537,10494,T07,2026-04-13,2026-06-08,abgeschlossen,2026-06-07T12:00:00,2026-03-31T10:00:00,2026-06-07T12:00:00
50538,10494,T03,2026-02-16,2026-07-06,abgebrochen,2026-04-27T10:00:00,2026-01-20T10:00:00,2026-04-27T10:00:00
50539,10495,T01,2026-01-19,2026-05-11,abgeschlossen,2026-05-12T12:00:00,2025-12-21T10:00:00,2026-05-26T12:00:00
50540,10496,T07,2025-02-17,2025-04-14,abgeschlossen,2025-04-17T09:00:00,2025-01-28T10:00:00,2025-04-17T09:00:00
50541,10497,T03,2025-10-27,2026-03-16,abgeschlossen,2026-03-19T10:00:00,2025-10-09T10:00:00,2026-03-19T10:00:00
50542,10498,T05,2026-08-31,2027-01-18,aktiv,2026-08-31T09:00:00,2026-07-24T10:00:00,2026-08-31T09:00:00
50543,10498,T04,2026-10-26,2027-08-02,angemeldet,2026-08-08T10:00:00,2026-08-08T10:00:00,2026-09-01T05:00:00
50544,10499,T03,2026-01-19,2026-06-08,abgeschlossen,2026-06-11T15:00:00,2026-01-06T10:00:00,2026-06-11T15:00:00
50545,10500,T02,2026-01-19,2026-08-31,abgeschlossen,2026-09-01T04:00:00,2025-12-19T10:00:00,2026-09-01T05:00:00
50546,10501,T08,2025-07-07,2025-09-01,abgeschlossen,2025-09-01T11:00:00,2025-06-22T10:00:00,2025-09-01T11:00:00
50547,10502,T05,2026-08-31,2027-01-18,aktiv,2026-08-31T09:00:00,2026-08-06T10:00:00,2026-09-01T05:00:00
50548,10503,T06,2025-10-27,2026-01-19,abgeschlossen,2025-09-10T11:00:00,2025-10-13T10:00:00,2026-01-18T11:00:00
50549,10504,T01,2024-12-23,2025-04-14,abgeschlossen,2025-04-15T14:00:00,2024-12-15T10:00:00,2025-04-15T14:00:00
50550,10505,T03,2025-03-17,2025-08-04,Aktiv,2025-07-28T17:00:00,2025-01-31T10:00:00,2025-07-28T17:00:00
50551,10506,T01,2026-07-06,2026-10-26,aktiv,2026-07-06T09:00:00,2026-06-25T10:00:00,2026-07-06T09:00:00
50552,10507,T03,2025-02-17,2025-07-07,abgebrochen,2025-04-28T11:00:00,2025-02-10T10:00:00,2025-06-19T11:00:00
50553,10508,T01,2025-07-07,2025-10-27,abgeschlossen,2025-10-29T10:00:00,2025-05-25T10:00:00,2025-10-29T10:00:00
50554,10509,T03,2025-02-17,2025-07-07,abgeschlossen,2025-07-05T10:00:00,2025-01-23T10:00:00,2025-07-05T10:00:00
50555,10510,T01,2025-01-20,2025-05-12,abgebrochen,2025-02-25T16:00:00,2024-12-11T10:00:00,2025-02-25T16:00:00
50556,10511,T07,2025-01-06,2025-03-03,abgeschlossen,2025-03-05T11:00:00,2024-12-28T10:00:00,2025-03-05T11:00:00
50557,10512,T03,2026-04-13,2026-08-31,abgebrochen,2026-08-07T09:00:00,2026-04-04T10:00:00,2026-08-07T09:00:00
50558,10512,T01,2026-06-08,2026-09-28,aktiv,2026-06-08T11:00:00,2026-05-10T10:00:00,2026-06-08T11:00:00
50559,10513,T06,2026-07-06,2026-09-28,aktiv,2026-07-06T09:00:00,2026-06-13T10:00:00,2026-07-06T09:00:00
50560,10514,T06,2025-03-31,2025-06-23,abgeschlossen,2025-06-22T13:00:00,2025-02-21T10:00:00,2025-06-22T13:00:00
50561,10515,T01,2025-01-20,2025-05-12,abgebrochen,2025-02-22T14:00:00,2025-01-12T10:00:00,2025-02-22T14:00:00
50562,10516,T01,2025-06-09,2025-09-29,abgebrochen,2025-06-30T13:00:00,2025-05-11T10:00:00,2025-06-30T13:00:00
50563,10517,T04,2024-10-28,2025-08-04,pausiert,2025-06-28T11:00:00,2024-09-19T10:00:00,2025-06-28T11:00:00
50564,10518,T05,2024-09-30,2025-02-17,abgeschlossen,2025-02-19T17:00:00,2024-09-14T10:00:00,2025-02-19T17:00:00
50565,10519,T03,2025-11-24,2026-04-13,abgeschlossen,2026-04-12T14:00:00,2025-11-07T10:00:00,2026-04-12T14:00:00
50566,10520,T05,2026-02-16,2026-07-06,abgeschlossen,2026-07-09T12:00:00,2026-01-15T10:00:00,2026-07-09T12:00:00
50567,10521,T03,2025-03-17,2025-08-04,abgebrochen,2025-05-19T11:00:00,2025-02-19T10:00:00,2025-05-19T11:00:00
50568,10522,T05,2025-10-27,2026-03-16,abgeschlossen,2026-03-14T09:00:00,2025-10-12T10:00:00,2026-03-14T09:00:00
50569,10523,T01,2025-11-24,2026-03-16,abgeschlossen,2026-03-15T15:00:00,2025-11-05T10:00:00,2026-03-15T15:00:00
50570,10524,T01,2026-03-16,2026-07-06,abgeschlossen,2026-07-09T10:00:00,2026-01-31T10:00:00,2026-07-09T10:00:00
50571,10525,T03,2025-01-20,2025-06-09,abgebrochen,2025-02-04T10:00:00,2024-12-11T10:00:00,2025-02-04T10:00:00
50572,10526,T04,2026-07-06,2027-04-12,aktiv,2026-07-06T10:00:00,2026-05-26T10:00:00,2026-07-06T10:00:00
50573,10527,T01,2025-03-17,2025-07-07,abgebrochen,2025-06-15T09:00:00,2025-02-22T10:00:00,2025-06-15T09:00:00
50574,10528,T03,2025-10-27,2026-03-16,abgebrochen,2026-01-21T16:00:00,2025-10-06T10:00:00,2026-01-21T16:00:00
50575,10529,T08,2024-12-23,2025-02-17,abgeschlossen,2025-02-21T15:00:00,2024-12-10T10:00:00,2026-08-29T21:00:00
50576,10530,T05,2026-07-06,2026-11-23,aktiv,2026-07-06T10:00:00,2026-06-13T10:00:00,2026-07-06T10:00:00
50577,10531,T01,2026-08-03,2026-11-23,aktiv,2026-08-03T11:00:00,2026-06-30T10:00:00,2026-08-03T11:00:00
50578,10532,T08,2025-06-09,2025-08-04,abgeschlossen,2025-08-07T17:00:00,2025-05-09T10:00:00,2025-09-19T17:00:00
50579,10533,T04,2025-06-09,2026-03-16,abgeschlossen,2026-03-14T12:00:00,2025-04-25T10:00:00,2026-03-14T12:00:00
50580,10534,T05,2025-05-12,2025-09-29,abgeschlossen,2025-10-03T16:00:00,2025-04-02T10:00:00,2025-10-03T16:00:00
50581,10535,T06,2026-03-02,2026-05-25,abgeschlossen,2026-05-22T12:00:00,2026-02-22T10:00:00,2026-08-26T05:00:00
50582,10535,T08,2025-10-27,2025-12-22,abgeschlossen,2025-12-25T09:00:00,2025-10-04T10:00:00,2025-12-25T09:00:00
50583,10536,T02,2026-07-06,2027-02-15,aktiv,2026-07-06T08:00:00,2026-06-13T10:00:00,2026-07-06T08:00:00
50584,10537,T06,2025-03-31,2025-06-23,abgebrochen,2025-05-25T11:00:00,2025-03-19T10:00:00,2025-05-25T11:00:00
50585,10538,T03,2025-12-22,2026-05-11,abgeschlossen,2026-05-12T10:00:00,2025-11-20T10:00:00,2026-05-18T10:00:00
50586,10539,T05,2026-04-13,2026-08-31,abgeschlossen,2026-09-01T04:00:00,2026-03-09T10:00:00,2026-09-01T04:00:00
50587,10540,T08,2024-12-23,2025-02-17,abgeschlossen,2025-02-17T13:00:00,2024-11-11T10:00:00,2025-04-03T13:00:00
50588,10541,T03,2024-11-25,2025-04-14,abgeschlossen,2025-04-12T12:00:00,2024-10-11T10:00:00,2025-04-12T12:00:00
50589,10542,T02,2026-10-26,2027-06-07,angemeldet,2026-06-09T10:00:00,2026-06-09T10:00:00,2026-06-09T10:00:00
50590,10543,T05,2025-11-24,2026-04-13,abgeschlossen,2026-04-11T14:00:00,2025-11-15T10:00:00,2026-05-10T14:00:00
50591,10544,T05,2026-02-16,2026-07-06,abgeschlossen,2026-07-06T12:00:00,2026-01-26T10:00:00,2026-07-06T12:00:00
50592,10545,T01,2026-06-08,2026-09-28,aktiv,2026-06-08T08:00:00,2026-05-04T10:00:00,2026-07-09T08:00:00
50593,10546,T08,2025-10-27,2025-12-22,abgeschlossen,2025-12-25T15:00:00,2025-09-27T10:00:00,2025-12-25T15:00:00
50594,10547,T02,2026-07-06,2027-02-15,aktiv,2026-07-06T10:00:00,2026-06-21T10:00:00,2026-07-06T10:00:00
50595,10548,T08,2025-11-24,2026-01-19,abgebrochen,2025-12-23T10:00:00,2025-10-16T10:00:00,2026-02-12T10:00:00
50596,10549,T02,2024-12-23,2025-08-04,abgebrochen ,2025-05-14T17:00:00,2024-12-02T10:00:00,2025-05-14T17:00:00
50597,10550,T06,2026-09-28,2026-12-21, angemeldet,2026-07-18T10:00:00,2026-07-18T10:00:00,2026-07-18T10:00:00
50598,10551,T03,2024-11-25,2025-04-14,abgebrochen,2025-01-28T11:00:00,2024-10-27T10:00:00,2025-01-28T11:00:00
50599,10552,T02,2025-04-14,2025-11-24,aktiv,2025-11-18T16:00:00,2025-03-30T10:00:00,2025-11-18T16:00:00
50600,10552,T01,2025-03-17,2025-07-07,abgeschlossen,2025-07-08T14:00:00,2025-02-06T10:00:00,2025-07-08T14:00:00
50601,10553,T03,2024-12-23,2025-05-12,abgebrochen,2025-04-17T09:00:00,2024-11-24T10:00:00,2025-04-17T09:00:00
50602,10554,T08,2024-10-28,2024-12-23,abgeschlossen,2024-12-22T12:00:00,2024-09-13T10:00:00,2024-12-22T12:00:00
50603,10555,T01,2026-11-23,2027-03-15,angemeldet,2026-08-08T10:00:00,2026-08-08T10:00:00,2026-08-08T10:00:00
50604,10556,T05,2025-07-07,2025-11-24,ABGESCHLOSSEN,2025-11-28T11:00:00,2025-06-19T10:00:00,2025-11-28T11:00:00
50605,10557,T01,2026-10-26,2027-02-15,angemeldet,2026-07-12T10:00:00,2026-07-12T10:00:00,2026-07-12T10:00:00
50606,10558,T02,2026-10-26,2027-06-07,angemeldet,2026-06-08T10:00:00,2026-06-08T10:00:00,2026-06-08T10:00:00
50607,10559,T07,2024-10-14,2024-12-09,pausiert,2024-12-01T14:00:00,2024-10-07T10:00:00,2024-12-01T14:00:00
50608,10560,T02,2025-02-17,2025-09-29,abgeschlossen,2025-10-01T10:00:00,2025-01-10T10:00:00,2025-10-14T10:00:00
50609,10561,T08,2025-05-12,2025-07-07,abgebrochen,2025-06-24T14:00:00,2025-04-07T10:00:00,2025-06-24T14:00:00
50610,10562,T06,2025-12-08,2026-03-02,abgebrochen,2026-01-13T09:00:00,2025-11-24T10:00:00,2026-03-11T09:00:00
50611,10563,T01,2025-02-17,2025-06-09,abgeschlossen,2025-06-08T10:00:00,2025-01-03T10:00:00,2025-06-08T10:00:00
50612,10563,T08,2025-03-17,2025-05-12,aktiv,2025-04-02T15:00:00,2025-03-03T10:00:00,2026-08-31T11:00:00
50613,10564,T02,2025-09-29,2026-05-11,abgeschlossen,2026-05-15T12:00:00,2025-09-20T10:00:00,2026-05-15T12:00:00
50614,10565,T08,2026-02-16,2026-04-13,abgebrochen,2026-03-31T10:00:00,2026-02-04T10:00:00,2026-03-31T10:00:00
50615,10566,T07,2026-08-17,2026-10-12,aktiv,2026-08-17T09:00:00,2026-08-02T10:00:00,2026-08-17T09:00:00
50616,10567,T02,2025-09-29,2026-05-11,abgeschlossen,2026-05-14T10:00:00,2025-08-22T10:00:00,2026-05-14T10:00:00
50617,10568,T03,2025-09-29,2026-02-16,abgeschlossen,2026-02-17T09:00:00,2025-09-20T10:00:00,2026-09-01T02:00:00
50618,10569,T02,2025-09-29,2026-05-11,abgeschlossen,2026-05-08T17:00:00,2025-09-03T10:00:00,2026-05-08T17:00:00
50619,10569,T01,2025-08-04,2025-11-24,abgebrochen,2025-10-11T15:00:00,2025-06-25T10:00:00,2025-10-11T15:00:00
50620,10570,T05,2024-09-02,2025-01-20,aktiv,2025-01-09T16:00:00,2024-08-12T10:00:00,2025-03-08T16:00:00
50621,10571,T05,2025-01-20,2025-06-09,abgeschlossen,2025-06-06T09:00:00,2025-01-06T10:00:00,2025-06-20T09:00:00
50622,10572,T01,2025-09-29,2026-01-19,pausiert,2025-12-21T12:00:00,2025-08-28T10:00:00,2025-12-21T12:00:00
50623,10573,T04,2024-12-23,2025-09-29,abgebrochen,2025-04-18T13:00:00,2024-11-29T10:00:00,2025-04-18T13:00:00
50624,10574,T03,2025-08-04,2025-12-22,abgeschlossen,2025-12-22T16:00:00,2025-07-28T10:00:00,2025-12-22T16:00:00
50625,10575,T01,2025-02-17,2025-06-09,abgeschlossen,2025-06-09T10:00:00,2025-02-03T10:00:00,2025-06-09T10:00:00
50626,10576,T03,2026-02-16,2026-07-06,abgeschlossen,2026-07-05T13:00:00,2026-01-15T10:00:00,2026-08-20T13:00:00
50627,10577,T04,2026-01-19,2026-10-26,aktiv,2026-01-19T11:00:00,2025-12-31T10:00:00,2026-01-19T11:00:00
50628,10578,T03,2025-04-14,2025-09-01,abgeschlossen,2025-08-29T16:00:00,2025-03-31T10:00:00,2025-08-29T16:00:00
50629,10579,T03,2026-08-03,2026-12-21,aktiv,2026-08-03T08:00:00,2026-07-04T10:00:00,2026-08-03T08:00:00
50630,10580,T03,2025-02-17,2025-07-07,abgeschlossen,2025-07-07T12:00:00,2025-02-08T10:00:00,2025-07-07T12:00:00
50631,10581,T01,2025-01-20,2025-05-12,aktiv,2025-04-15T16:00:00,2025-01-10T10:00:00,2025-04-15T16:00:00
50632,10582,T08,2025-09-01,2025-10-27,abgeschlossen,2025-10-27T14:00:00,2025-07-28T10:00:00,2026-09-01T04:00:00
50633,10583,T01,2024-09-30,2025-01-20,abgeschlossen,2025-01-21T17:00:00,2024-08-19T10:00:00,2025-01-21T17:00:00
50634,10584,T05,2026-09-28,2027-02-15,angemeldet,2026-06-23T10:00:00,2026-06-23T10:00:00,2026-06-23T10:00:00
50635,10585,T02,2026-05-11,2026-12-21,abgebrochen,2026-08-09T12:00:00,2026-05-04T10:00:00,2026-08-09T12:00:00
50636,10585,T01,2026-05-11,2026-08-31,abgebrochen,2026-06-01T12:00:00,2026-05-02T10:00:00,2026-06-01T12:00:00
50637,10586,T01,2026-05-11,2026-08-31,aktiv,2026-08-02T13:00:00,2026-04-10T10:00:00,2026-08-02T13:00:00
50638,10587,T01,2026-09-28,2027-01-18,Angemeldet,2026-06-08T10:00:00,2026-06-08T10:00:00,2026-07-19T10:00:00
50639,10587,T07,2026-08-17,2026-10-12,aktiv,2026-08-17T10:00:00,2026-07-23T10:00:00,2026-08-17T10:00:00
50640,10588,T08,2025-08-04,2025-09-29,pausiert,2025-09-14T14:00:00,2025-07-01T10:00:00,2025-09-14T14:00:00
50641,10589,T03,2024-10-28,2025-03-17,pausiert,2025-03-04T14:00:00,2024-09-26T10:00:00,2025-03-04T14:00:00
50642,10590,T03,2026-11-23,2027-04-12,angemeldet,2026-08-14T10:00:00,2026-08-14T10:00:00,2026-08-26T05:00:00
50643,10591,T01,2025-09-29,2026-01-19,abgeschlossen ,2026-01-19T12:00:00,2025-08-30T10:00:00,2026-03-07T12:00:00
50644,10592,T06,2025-05-12,2025-08-04,abgeschlossen,2025-08-05T12:00:00,2025-04-05T10:00:00,2025-08-05T12:00:00
50645,10593,T03,2026-09-28,2027-02-15,storniert,2026-07-07T10:00:00,2026-07-07T10:00:00,2026-07-07T10:00:00
50646,10594,T03,2026-02-16,2026-07-06,aktiv,2026-06-30T12:00:00,2026-01-29T10:00:00,2026-06-30T12:00:00
50647,10595,T05,2025-01-20,2025-06-09,abgeschlossen,2025-06-09T11:00:00,2024-12-15T10:00:00,2025-06-09T11:00:00
50648,10595,T07,2025-02-17,2025-04-14,abgebrochen,2025-03-15T17:00:00,2025-02-08T10:00:00,2025-03-15T17:00:00
50649,10596,T01,2025-09-29,2026-01-19,abgeschlossen,2026-01-16T14:00:00,2025-08-31T10:00:00,2026-02-06T14:00:00
50650,10597,T08,2025-03-17,2025-05-12,abgebrochen,2025-04-06T14:00:00,2025-02-10T10:00:00,2025-04-06T14:00:00
50651,10598,T01,2026-05-11,2026-08-31,abgeschlossen,2026-08-30T11:00:00,2026-04-27T10:00:00,2026-08-30T11:00:00
50652,10599,T03,2026-08-31,2027-01-18,aktiv,2026-08-31T10:00:00,2026-08-09T10:00:00,2026-08-31T10:00:00
50653,10599,T05,2026-07-06,2026-11-23,abgebrochen,2026-07-15T09:00:00,2026-06-05T10:00:00,2026-07-15T09:00:00
50654,10600,T01,2026-05-11,2026-08-31,abgeschlossen,2026-09-01T04:00:00,2026-04-23T10:00:00,2026-09-01T04:00:00
50655,10601,T08,2024-10-28,2024-12-23,abgebrochen,2024-12-14T14:00:00,2024-10-13T10:00:00,2024-12-14T14:00:00
50656,10602,T03,2024-09-30,2025-02-17,abgeschlossen,2025-02-17T14:00:00,2024-09-18T10:00:00,2025-02-17T14:00:00
50657,10603,T06,2026-07-06,2026-09-28,aktiv,2026-07-06T12:00:00,2026-06-19T10:00:00,2026-07-06T12:00:00
50658,10604,T01,2024-10-28,2025-02-17,pausiert,2025-02-11T16:00:00,2024-10-11T10:00:00,2025-02-11T16:00:00
50659,10605,T05,2026-08-31,2027-01-18,aktiv,2026-08-31T11:00:00,2026-08-07T10:00:00,2026-08-31T11:00:00
50660,10606,T05,2026-01-19,2026-06-08,abgeschlossen,2026-06-05T11:00:00,2026-01-12T10:00:00,2026-08-04T11:00:00
50661,10606,T04,2026-05-11,2027-02-15,aktiv,2026-05-11T11:00:00,2026-05-02T10:00:00,2026-05-11T11:00:00
50662,10607,T05,2026-04-13,2026-08-31,abgeschlossen,2026-09-01T04:00:00,2026-03-29T10:00:00,2026-09-01T04:00:00
50663,10608,T04,2026-08-31,2027-06-07,aktiv,2026-08-31T08:00:00,2026-08-19T10:00:00,2026-09-01T05:00:00
50664,10609,T07,2026-01-19,2026-03-16,abgeschlossen,2026-03-15T10:00:00,2026-01-01T10:00:00,2026-09-01T05:00:00
50665,10609,T01,2026-01-19,2026-05-11,abgebrochen,2026-04-12T09:00:00,2025-12-22T10:00:00,2026-04-12T09:00:00
50666,10610,T04,2026-01-19,2026-10-26,aktiv,2026-01-19T10:00:00,2026-01-06T10:00:00,2026-01-19T10:00:00
50667,10611,T05,2025-08-04,2025-12-22,aktiv,2025-12-12T11:00:00,2025-07-23T10:00:00,2025-12-12T11:00:00
50668,10612,T05,2025-09-29,2026-02-16,abgeschlossen,2026-02-14T15:00:00,2025-08-20T10:00:00,2026-02-14T15:00:00
50669,10613,T01,2026-03-16,2026-07-06,abgeschlossen,2026-07-05T16:00:00,2026-01-31T10:00:00,2026-07-05T16:00:00
50670,10614,T03,2026-01-19,2026-06-08,abgeschlossen,2025-12-11T11:00:00,2025-12-09T10:00:00,2026-06-08T13:00:00
50671,10615,T05,2024-09-02,2025-01-20,abgeschlossen,2025-01-22T12:00:00,2024-07-20T10:00:00,2025-01-22T12:00:00
50672,10615,T04,2024-12-23,2025-09-29,abgeschlossen,2025-09-30T14:00:00,2024-11-13T10:00:00,2025-09-30T14:00:00
50673,10616,T08,2025-07-07,2025-09-01,abgeschlossen,2025-08-31T10:00:00,2025-05-30T10:00:00,2025-08-31T10:00:00
50674,10617,T01,2025-06-09,2025-09-29,abgeschlossen,2025-10-03T09:00:00,2025-05-28T10:00:00,2025-11-16T09:00:00
50675,10617,T04,2025-08-04,2026-05-11,abgeschlossen,2026-05-09T13:00:00,2025-07-08T10:00:00,2026-05-09T13:00:00
50676,10618,T06,2026-05-25,2026-08-17,abgeschlossen,2026-08-21T14:00:00,2026-05-06T10:00:00,2026-08-21T14:00:00
50677,10619,T01,2024-10-28,2025-02-17,abgeschlossen,2025-02-21T14:00:00,2024-09-26T10:00:00,2025-04-17T14:00:00
50678,10620,T03,2026-01-19,2026-06-08,abgeschlossen,2025-12-17T11:00:00,2026-01-04T10:00:00,2026-08-06T15:00:00
50679,10621,T07,2025-10-27,2025-12-22,abgeschlossen,2025-12-19T15:00:00,2025-10-09T10:00:00,2025-12-19T15:00:00
50680,10622,T01,2026-02-16,2026-06-08,abgeschlossen,2026-06-12T11:00:00,2026-01-28T10:00:00,2026-06-12T11:00:00
50681,10623,T01,2025-10-27,2026-02-16,abgeschlossen,2026-02-20T16:00:00,2025-10-10T10:00:00,2026-02-20T16:00:00
50682,10624,T01,2024-09-02,2024-12-23,abgeschlossen,2024-12-25T16:00:00,2024-08-17T10:00:00,2024-12-25T16:00:00
50683,10624,T03,2024-11-25,2025-04-14,abgebrochen,2025-01-21T09:00:00,2024-11-08T10:00:00,2025-03-03T09:00:00
50684,10625,T05,2026-08-31,2027-01-18,aktiv,2026-08-31T12:00:00,2026-08-06T10:00:00,2026-08-27T01:00:00
50685,10626,T06,2025-01-06,2025-03-31,abgeschlossen,2025-04-04T10:00:00,2024-12-07T10:00:00,2025-04-04T10:00:00
50686,10627,T08,2026-06-08,2026-08-03,aktiv,2026-07-09T16:00:00,2026-04-27T10:00:00,2026-07-09T16:00:00
50687,10628,T02,2025-06-09,2026-01-19,aktiv,2025-12-25T12:00:00,2025-05-18T10:00:00,2025-12-25T12:00:00
50688,10629,T03,2026-08-03,2026-12-21,aktiv,2026-08-03T08:00:00,2026-07-18T10:00:00,2026-08-03T08:00:00
50689,10630,T03,2026-09-28,2027-02-15,angemeldet,2026-06-20T10:00:00,2026-06-20T10:00:00,2026-06-20T10:00:00
50690,10631,T02,2026-08-31,2027-04-12,aktiv,2026-08-31T08:00:00,2026-08-10T10:00:00,2026-08-31T08:00:00
50691,10632,T02,2026-10-26,2027-06-07,angemeldet,2026-04-16T10:00:00,2026-04-16T10:00:00,2026-05-18T10:00:00
50692,10633,T01,2024-09-30,2025-01-20,aktiv,2025-01-08T13:00:00,2024-09-11T10:00:00,2025-01-08T13:00:00
50693,10634,T02,2026-10-26,2027-06-07,angemeldet,2026-07-18T10:00:00,2026-07-18T10:00:00,2026-07-18T10:00:00
50694,10635,T01,2026-04-13,2026-08-03,abgeschlossen,2026-08-07T11:00:00,2026-03-13T10:00:00,2026-08-07T11:00:00
50695,10636,T03,2026-02-16,2026-07-06,abgeschlossen,2026-07-07T16:00:00,2026-01-02T10:00:00,2026-07-07T16:00:00
50696,10637,T04,2025-11-24,2026-08-31,aktiv,2026-08-19T09:00:00,2025-10-18T10:00:00,2026-09-01T05:00:00
50697,10638,T06,2026-05-25,2026-08-17,abgeschlossen,2026-08-20T14:00:00,2026-04-28T10:00:00,2026-08-20T14:00:00
50698,10639,T01,2024-10-28,2025-02-17,abgeschlossen,2025-02-14T17:00:00,2024-10-13T10:00:00,2025-02-14T17:00:00
50699,10640,T01,2026-06-08,2026-09-28,aktiv,2026-06-08T09:00:00,2026-05-27T10:00:00,2026-06-24T09:00:00
50700,10647,T06,2025-12-08,2026-03-02,abgeschlossen,2026-03-02T10:00:00,2026-02-16T10:00:00,2026-03-02T10:00:00
50701,10646,T06,2025-10-27,2026-01-19,abgeschlossen,2026-01-19T10:00:00,2026-01-05T10:00:00,2026-01-19T10:00:00
50702,10653,T01,2026-06-08,2026-09-28,aktiv,2026-06-08T10:00:00,2026-05-25T10:00:00,2026-06-08T10:00:00
50703,10642,T01,2026-08-03,2026-11-23,aktiv,2026-08-03T10:00:00,2026-07-20T10:00:00,2026-08-03T10:00:00
50704,97842,T07,2025-06-23,2025-08-18,abgeschlossen,2025-06-23T09:00:00,2025-06-13T09:00:00,2025-06-23T09:00:00
50705,93811,T01,2026-07-06,2026-10-26,aktiv,2026-07-06T09:00:00,2026-06-26T09:00:00,2026-07-06T09:00:00
50706,98201,T08,2024-12-23,2025-02-17,abgeschlossen,2024-12-23T09:00:00,2024-12-13T09:00:00,2024-12-23T09:00:00
50707,96484,T02,2026-07-06,2027-02-15,aktiv,2026-07-06T09:00:00,2026-06-26T09:00:00,2026-07-06T09:00:00
50708,98064,T03,2025-05-12,2025-09-29,abgeschlossen,2025-05-12T09:00:00,2025-05-02T09:00:00,2025-05-12T09:00:00
50709,96798,T05,2026-05-11,2026-09-28,aktiv,2026-05-11T09:00:00,2026-05-01T09:00:00,2026-05-11T09:00:00
